SF;Art;Beschreibung;KZ_Bereich;KZ_Bereich_JG;AbgangsJG;Flag;geaendert;Sortierung
BK;3G;Berufsschulabschluss und Mittlerer Schulabschluss (Fachoberschulreife mit Berechtigung zum Besuch der gymnasialen Oberstufe);1;0;**;1;2016-06-09 11:12:24;1
BK;4J;Berufliche Kenntnisse, Fähigkeiten und Fertigkeiten und Fachhochschulreife;23;0;**;1;2016-02-29 17:12:38;1
BK;4H;Berufliche Kenntnisse, Fähigkeiten und Fertigkeiten und Fachhochschulreife (schulischer Teil);27;0;**;1;2016-02-29 17:09:47;1
BK;4H;Berufliche Kenntnisse, Fähigkeiten und Fertigkeiten und Fachhochschulreife (schulischer Teil);28;0;**;1;2016-02-29 17:09:08;0
BK;8D;Vertiefte berufliche Kenntnisse, Fähigkeiten und Fertigkeiten und ein dem Hauptschulabschluss nach Klasse 10 gleichwertiger Abschluss (für G8 Schüler);24;0;**;1;2016-03-01 12:28:40;1
BK;8D;Vertiefte berufliche Kenntnisse, Fähigkeiten und Fertigkeiten und ein dem Hauptschulabschluss nach Klasse 10 gleichwertiger Abschluss (für G8 Schüler);25;0;**;1;2016-03-01 12:28:16;0
BK;8G;Vertiefte berufliche Kenntnisse, Fähigkeiten und Fertigkeiten und Mittlerer Schulabschluss nach Klasse 11 (für G8 Schüler);24;0;**;1;2016-03-01 12:29:30;0
BK;8G;Vertiefte berufliche Kenntnisse, Fähigkeiten und Fertigkeiten und Mittlerer Schulabschluss nach Klasse 11 (für G8 Schüler);25;0;**;1;2016-03-01 12:29:33;1
BK;1B;Abschlusszeugnis (berufliche Kenntnisse, Fähigkeiten und Fertigkeiten) und ein dem Hauptschulabschluss gleichwertiger Abschluss;5;0;**;1;2016-06-08 16:58:36;1
BK;1B;Abschlusszeugnis (berufliche Kenntnisse, Fähigkeiten und Fertigkeiten) und ein dem Hauptschulabschluss gleichwertiger Abschluss;6;0;**;1;2016-06-08 16:59:05;0
BK;1S;Abschlusszeugnis und ein dem Hauptschulabschluss gleichwertiger Abschluss, ggfs. Berechtigung zum Besuch eines weiterführenden Bildungsgangs im Berufskolleg (nur für Internationale  Förderklassen);5;0;**;1;2016-06-09 11:55:30;1
BK;0D;Hauptschulabschluss nach Klasse 10;10;0;**;1;2016-02-29 15:21:29;0
PS;M;Abschlusszeugnis der Förderschule, Förderschwerpunkt geistige Entwicklung;0;0;06;1;2015-04-02 10:22:32;0
BK;0D;Ein dem Hauptschulabschluss nach Klasse 10 gleichwertiger Abschluss;16;0;**;1;2016-06-08 17:06:55;0
BK;0F;Mittlerer Schulabschluss (Fachoberschulreife ohne Qualifikationsvermerk);13;0;**;1;2016-03-01 13:31:50;0
BK;5A;Berufsabschluss (für Schüler, die bereits die Qualifikation des Hauptschulabschlusses der Klasse 10 oder einen höheren Abschluss erreicht hatten);3;0;**;1;2016-02-29 17:15:55;0
BK;5A;Berufsabschluss (für Schüler, die bereits die Qualifikation des Hauptschulabschlusses der Klasse 10 oder einen höheren Abschluss erreicht hatten);4;0;**;1;2016-02-29 17:17:51;0
BK;5D;Berufsabschluss und Hauptschulabschluss nach Klasse 10;3;0;**;1;2016-06-09 12:06:25;0
BK;5D;Berufsabschluss und Hauptschulabschluss nach Klasse 10;4;0;**;1;2016-06-09 12:08:19;0
BK;5F;Berufsabschluss und Mittlerer Schulabschluss (Fachoberschulreife ohne Qualifikationsvermerk);3;0;**;1;2016-06-08 17:02:21;0
BK;5F;Berufsabschluss und Mittlerer Schulabschluss (Fachoberschulreife ohne Qualifikationsvermerk);4;0;**;1;2016-06-08 17:02:46;0
BK;5G;Berufsabschluss und Mittlerer Schulabschluss (Fachoberschulreife mit Qualifikationsvermerk);3;0;**;1;2016-06-08 17:02:49;0
BK;5G;Berufsabschluss und Mittlerer Schulabschluss (Fachoberschulreife mit Qualifikationsvermerk);4;0;**;1;2016-06-08 17:03:26;0
BK;5J;Berufsabschluss und Fachhochschulreife;4;0;**;1;2016-03-01 12:05:31;0
BK;0A;Ohne Abschluss;11;0;**;1;2016-02-29 13:53:42;0
BK;0A;Ohne Abschluss;12;0;**;1;2016-02-29 13:54:09;0
BK;0A;Ohne Abschluss;13;0;**;1;2016-02-29 13:54:23;0
BK;0A;Ohne Abschluss;14;0;**;1;2016-02-29 13:54:41;0
BK;0A;Ohne Abschluss;15;0;**;1;2016-02-29 13:54:58;0
BK;0A;Ohne Abschluss;16;0;**;1;2016-02-29 13:56:17;0
BK;0A;Ohne Abschluss;17;0;**;1;2016-02-29 13:56:34;0
BK;0A;Ohne Abschluss;18;0;**;1;2016-02-29 13:56:42;0
BK;9A;Schulwechsler, die im selben Bildungsgang verbleiben;11;0;**;1;2016-02-29 14:11:00;0
BK;9A;Schulwechsler, die im selben Bildungsgang verbleiben;12;0;**;1;2016-02-29 14:11:11;0
BK;9A;Schulwechsler, die im selben Bildungsgang verbleiben;13;0;**;1;2016-02-29 14:11:19;0
BK;9A;Schulwechsler, die im selben Bildungsgang verbleiben;14;0;**;1;2016-02-29 14:11:22;0
BK;9A;Schulwechsler, die im selben Bildungsgang verbleiben;15;0;**;1;2016-02-29 14:11:30;0
BK;9A;Schulwechsler, die im selben Bildungsgang verbleiben;16;0;**;1;2016-02-29 14:12:52;0
BK;9A;Schulwechsler, die im selben Bildungsgang verbleiben;17;0;**;1;2016-02-29 14:13:00;0
BK;9A;Schulwechsler, die im selben Bildungsgang verbleiben;18;0;**;1;2016-02-29 14:13:09;0
BK;0D;Ein dem Hauptschulabschluss nach Klasse 10 gleichwertiger Abschluss;17;0;**;1;2016-06-08 17:06:08;0
BK;4D;berufliche Kenntnisse, Fähigkeiten und Fertigkeiten und ein dem Hauptschulabschluss nach Klasse 10 gleichwertiger Abschluss;14;0;**;1;2016-06-08 17:04:38;1
BK;0F;Mittlerer Schulabschluss (Fachoberschulreife ohne Berechtigung zum Besuch der gymnasialen Oberstufe);16;0;**;1;2016-06-09 12:01:42;0
BK;4F;Berufliche Kenntnisse, Fähigkeiten und Fertigkeiten und Mittlerer Schulabschluss (Fachoberschulreife ohne Berechtigung zum Besuch der gymnasialen Oberstufe);15;0;**;1;2016-06-09 12:15:38;1
BK;4G;Berufliche Kenntnisse, Fähigkeiten und Fertigkeiten und Mittlerer Schulabschluss (Fachoberschulreife mit Berechtigung zum Besuch der gymnasialen Oberstufe);15;0;**;1;2016-06-09 12:54:51;1
BK;0D;Ein dem Hauptschulabschluss nach Klasse 10 gleichwertiger Abschluss;18;0;**;1;2016-06-08 17:06:05;0
BK;0F;Mittlerer Schulabschluss (Fachoberschulreife ohneBerechtigung zum Besuch der gymnasialen Oberstufe);17;0;**;1;2016-06-09 12:01:46;0
BK;5A;Berufsabschluss (für Schüler, die bereits die Qualifikation des Hauptschulabschlusses der Klasse 10 oder einen höheren Abschluss erreicht hatten);12;0;**;1;2016-02-29 17:18:15;0
BK;5D;Berufsabschluss und Hauptschulabschluss nach Klasse 10;12;0;**;1;2016-03-01 11:41:19;1
BK;5F;Berufsabschluss und Mittlerer Schulabschluss (Fachoberschulreife ohne Qualifikationsvermerk);12;0;**;1;2016-03-01 11:51:40;0
BK;5G;Berufsabschluss und Mittlerer Schulabschluss (Fachoberschulreife mit Qualifikationsvermerk);12;0;**;1;2016-03-01 12:01:58;1
BK;9A;Schulwechsler, die im selben Bildungsgang verbleiben;37;0;**;1;2016-02-29 14:19:11;0
SB;0A;Ohne Abschluss;23;0;**;1;2016-02-29 14:31:19;0
SB;0A;Ohne Abschluss;24;0;**;1;2016-02-29 14:31:20;0
SB;0A;Ohne Abschluss;25;0;**;1;2016-02-29 14:31:23;0
SB;0A;Ohne Abschluss;26;0;**;1;2016-02-29 14:31:25;0
SB;0A;Ohne Abschluss;27;0;**;1;2016-02-29 14:31:27;0
SB;0A;Ohne Abschluss;28;0;**;1;2016-02-29 14:31:29;0
SB;0A;Ohne Abschluss;29;0;**;1;2016-02-29 14:31:31;0
SB;0A;Ohne Abschluss;30;0;**;1;2016-02-29 14:31:33;0
SB;0A;Ohne Abschluss;32;0;**;1;2016-02-29 14:32:39;0
SB;9A;Schulwechsler, die im selben Bildungsgang verbleiben;23;0;**;1;2016-02-29 14:39:05;0
SB;9A;Schulwechsler, die im selben Bildungsgang verbleiben;24;0;**;1;2016-02-29 14:39:06;0
SB;9A;Schulwechsler, die im selben Bildungsgang verbleiben;25;0;**;1;2016-02-29 14:39:08;0
SB;9A;Schulwechsler, die im selben Bildungsgang verbleiben;26;0;**;1;2016-02-29 14:39:10;0
SB;9A;Schulwechsler, die im selben Bildungsgang verbleiben;27;0;**;1;2016-02-29 14:39:11;1
SB;9A;Schulwechsler, die im selben Bildungsgang verbleiben;28;0;**;1;2016-02-29 14:39:14;0
SB;9A;Schulwechsler, die im selben Bildungsgang verbleiben;29;0;**;1;2016-02-29 14:39:15;0
SB;9A;Schulwechsler, die im selben Bildungsgang verbleiben;30;0;**;1;2016-02-29 14:39:17;0
SB;9A;Schulwechsler, die im selben Bildungsgang verbleiben;32;0;**;1;2016-02-29 14:39:21;0
BK;0D;Ein dem Hauptschulabschluss nach Klasse 10 gleichwertiger Abschluss (für G8 Schüler);21;0;**;1;2016-02-29 15:30:38;0
SB;0D;Hauptschulabschluss nach Klasse 10;3;0;**;1;2016-02-29 15:38:38;0
SB;0D;Hauptschulabschluss nach Klasse 10;10;0;**;1;2016-02-29 15:38:43;0
SB;0D;Hauptschulabschluss nach Klasse 10;12;0;**;1;2016-02-29 15:38:45;0
SB;0D;ein dem Hauptschulabschluss nach Klasse 10 gleichwertiger Abschluss;16;0;**;1;2016-06-08 17:20:12;0
SB;0D;ein dem Hauptschulabschluss nach Klasse 10 gleichwertiger Abschluss;17;0;**;1;2016-06-08 17:20:16;0
SB;0D;ein dem Hauptschulabschluss nach Klasse 10 gleichwertiger Abschluss;18;0;**;1;2016-06-08 17:20:34;0
SB;0D;Ein dem Hauptschulabschluss nach Klasse 10 gleichwertiger Abschluss (für G8 Schüler);19;0;**;1;2016-02-29 15:39:00;0
SB;0D;Ein dem Hauptschulabschluss nach Klasse 10 gleichwertiger Abschluss (für G8 Schüler);21;0;**;1;2016-02-29 15:39:02;0
SB;0D;Ein dem Hauptschulabschluss nach Klasse 10 gleichwertiger Abschluss (für G8 Schüler);22;0;**;1;2016-02-29 15:39:04;0
SB;0D;Ein dem Hauptschulabschluss nach Klasse 10 gleichwertiger Abschluss (für G8 Schüler);27;0;**;1;2016-02-29 15:39:05;0
SB;0D;Ein dem Hauptschulabschluss nach Klasse 10 gleichwertiger Abschluss (für G8 Schüler);28;0;**;1;2016-02-29 15:39:08;0
BK;0F;Mittlerer Schulabschluss (Fachoberschulreife ohne Berechtigung zum Besuch der gymnasialen Oberstufe);18;0;**;1;2016-06-09 12:03:44;0
SB;0F;Mittlerer Schulabschluss (Fachoberschulreife ohne Berechtigung zum Besuch der gymnasialen Oberstufe);16;0;**;1;2016-06-08 17:20:37;0
SB;0F;Mittlerer Schulabschluss (Fachoberschulreife ohne Qualifikationsvermerk);3;0;**;1;2016-03-02 12:55:44;0
SB;0F;Mittlerer Schulabschluss (Fachoberschulreife ohne Qualifikationsvermerk);10;0;**;1;2016-03-02 12:55:49;0
SB;5D;Berufsabschluss und Hautschulabschluss nach Klasse 10;3;0;**;1;2016-06-09 13:20:32;1
SB;5D;Berufsabschluss und Hauptschulabschluss nach Klasse 10;10;0;**;1;2016-03-01 11:45:47;0
SB;5D;Berufsabschluss und ein dem Hauptschulabschluss nach Klasse 10 gleichwertiger Abschluss;16;0;**;1;2016-06-08 17:22:21;0
SB;5D;Berufsabschluss und ein dem Hauptschulabschluss nach Klasse 10 gleichwertiger Abschluss;17;0;**;1;2016-06-08 17:22:23;0
SB;5D;Berufsabschluss und ein dem Hauptschulabschluss nach Klasse 10 gleichwertiger Abschluss;18;0;**;1;2016-06-08 17:22:31;0
SB;5D;Berufsabschluss und Hauptschulabschluss nach Klasse 10;12;0;**;1;2016-03-01 11:45:39;0
BK;5F;Berufsabschluss und Mittlerer Schulabschluss (Fachoberschulreife ohne Qualifikationsvermerk);13;0;**;1;2016-03-01 11:51:42;1
SB;5F;Berufsabschluss und Mittlerer Schulabschluss (Fachoberschulreife ohne Qualifikationsvermerk);3;0;**;1;2016-06-08 17:16:30;0
SB;5F;Berufsabschluss und Mittlerer Schulabschluss (Fachoberschulreife ohne Qualifikationsvermerk);10;0;**;1;2016-03-01 11:53:06;1
SB;5F;Berufsabschluss und Mittlerer Schulabschluss (Fachoberschulreife ohne Qualifikationsvermerk);12;0;**;1;2016-03-01 11:53:09;0
SB;5F;Berufsabschluss und Mittlerer Schulabschluss (Fachoberschulreife ohne Berechtigung zum Besuch der gymnasialen Oberstufe);16;0;**;1;2016-06-08 17:21:24;0
SB;5F;Berufsabschluss und Mittlerer Schulabschluss (Fachoberschulreife ohne Berechtigung zum Besuch der gymnasialen Oberstufe);17;0;**;1;2016-06-08 17:21:26;0
SB;5F;Berufsabschluss und Mittlerer Schulabschluss (Fachoberschulreife ohne Berechtigung zum Besuch der gymnasialen Oberstufe);18;0;**;1;2016-06-08 17:21:33;0
SB;5G;Berufsabschluss und Mittlerer Schulabschluss (Fachoberschulreife mit Qualifikationsvermerk);3;0;**;1;2016-06-08 17:18:55;1
SB;5G;Berufsabschluss und Mittlerer Schulabschluss (Fachoberschulreife mit Qualifikationsvermerk);10;0;**;1;2016-03-01 12:03:30;0
BK;5J;Berufsabschluss und Fachhochschulreife;13;0;**;1;2016-03-01 12:08:32;0
BK;0D;Hauptschulabschluss nach Klasse 10;11;0;**;1;2016-03-01 13:27:09;0
BK;5A;Berufsabschluss;19;0;**;1;2016-03-02 12:31:16;1
SB;5G;Berufsabschluss und Mittlerer Schulabschluss (Fachoberschulreife mit Qualifikationsvermerk);12;0;**;1;2016-03-01 12:03:32;0
SB;5G;Berufsabschluss und Mittlerer Schulabschluss (Fachoberschulreife mit Berechtigung zum Besuch der gymnasialen Oberstufe);16;0;**;1;2016-06-08 17:21:35;0
SB;5G;Berufsabschluss und Mittlerer Schulabschluss (Fachoberschulreife mit Berechtigung zum Besuch der gymnasialen Oberstufe);17;0;**;1;2016-06-08 17:21:38;0
SB;5G;Berufsabschluss und Mittlerer Schulabschluss (Fachoberschulreife mit Berechtigung zum Besuch der gymnasialen Oberstufe);18;0;**;1;2016-06-08 17:22:09;0
BK;5A;Berufsabschluss;20;0;**;1;2016-03-02 12:31:48;0
SB;5A;Berufsabschluss;19;0;**;1;2016-03-02 12:32:03;1
SB;5A;Berufsabschluss;20;0;**;1;2016-03-02 12:32:34;0
FW;M;Abschlusszeugnis der Förderschule, Förderschwerpunkt geistige Entwicklung;0;0;10;1;2016-04-27 15:12:44;0
FW;M;Abschlusszeugnis der Förderschule, Förderschwerpunkt geistige Entwicklung;0;0;11;1;2016-04-27 15:12:47;0
FW;5D;Berufsabschluss und Hauptschulabschluss nach Klasse 10;0;0;12;1;2016-04-27 14:50:56;0
FW;A;Ohne Abschluss;0;0;06;1;2016-04-27 14:57:33;0
FW;A;Ohne Abschluss;0;0;07;1;2016-04-27 14:57:47;0
FW;A;Ohne Abschluss;0;0;08;1;2016-04-27 14:58:04;0
FW;A;Ohne Abschluss;0;0;09;1;2016-04-27 14:58:14;0
FW;A;Ohne Abschluss;0;0;10;1;2016-04-27 14:58:25;0
FW;A;Ohne Abschluss;0;0;11;1;2016-04-27 14:58:38;0
FW;A;Ohne Abschluss;0;0;12;1;2016-04-27 14:58:49;0
FW;A;Ohne Abschluss;0;0;13;1;2016-04-27 14:59:20;0
PS;A;Ohne Abschluss (zehnjährige Vollzeitschulpflicht erfüllt);0;0;07;1;2016-03-17 13:58:57;0
PS;M;Abschlusszeugnis der Förderschule, Förderschwerpunkt geistige Entwicklung;0;0;07;1;2016-03-17 13:59:42;0
FW;A;Ohne Abschluss;0;0;71;1;2016-04-27 15:00:04;0
FW;B;Hauptschulabschluss;0;0;11;1;2016-04-27 15:03:15;0
FW;B;Hauptschulabschluss;0;0;12;1;2016-04-27 15:03:50;0
FW;G;Mittlerer Schulabschluss - Fachoberschulreife mit Berechtigung zum Besuch der gymnasialen Oberstufe;0;0;13;1;2016-04-27 15:07:06;0
FW;F;Mittlerer Schulabschluss - Fachoberschulreife ohne Berechtigung zum Besuch der gymnasialen Oberstufe;0;0;13;1;2016-04-27 15:07:28;0
FW;D;Hauptschulabschluss nach Klasse 10;0;0;13;1;2016-04-27 15:08:01;0
FW;V;Abschlusszeugnis des Bildungsganges im Förderschwerpunkt Lernen;0;0;10;1;2016-04-27 15:35:13;0
FW;V;Abschlusszeugnis des Bildungsganges im Förderschwerpunkt Lernen;0;0;11;1;2016-04-27 15:35:27;0
FW;V;Abschlusszeugnis des Bildungsganges im Förderschwerpunkt Lernen;0;0;12;1;2016-04-27 15:36:25;0
FW;5G;Berufsabschluss und Mittlerer Schulabschluss - Fachoberschulreife mit Berechtigung zum Besuch der gymnasialen Oberstufe (nur Hiberniaschule);0;0;12;1;2016-04-27 15:39:08;0
FW;5G;Berufsabschluss und Mittlerer Schulabschluss - Fachoberschulreife mit Berechtigung zum Besuch der gymnasialen Oberstufe (nur Hiberniaschule);0;0;03;1;2016-04-27 15:39:22;0
FW;5G;Berufsabschluss und Mittlerer Schulabschluss - Fachoberschulreife mit Berechtigung zum Besuch der gymnasialen Oberstufe (nur Hiberniaschule);0;0;04;1;2016-04-27 15:39:34;0
FW;5G;Berufsabschluss und Mittlerer Schulabschluss - Fachoberschulreife mit Berechtigung zum Besuch der gymnasialen Oberstufe (nur Hiberniaschule);0;0;05;1;2016-04-27 15:39:59;0
FW;5J;Berufsabschluss und Fachhochschulreife (nur Hiberniaschule);0;0;05;1;2016-04-27 15:41:22;0
FW;5J;Berufsabschluss und Fachhochschulreife (nur Hiberniaschule);0;0;06;1;2016-04-27 15:41:39;0
GM;A;Ohne Abschluss (zehnjährige Vollzeitschulpflicht erfüllt);0;0;08;1;2015-05-08 13:06:19;0
GM;M;Abschlusszeugnis der Förderschule, Förderschwerpunkt geistige Entwicklung;0;0;08;1;2015-05-08 13:06:54;0
GM;A;Ohne Abschluss (zehnjährige Vollzeitschulpflicht erfüllt) (Nur sachgerecht bei Nichtversetzung. Mit Versetzung in den Jg. 10 wird gem. § 40 APO-SI der Hauptschulabschluss erworben);0;0;09;1;2019-05-09 11:04:05;0
GM;B;Hauptschulabschluss (ohne Berechtigung zum Besuch der Klasse 10, Typ B) (zehnjährige Vollzeitschulpflicht erfüllt);0;0;09;1;2016-03-17 14:05:41;0
BK;3B;Berufsschulabschluss und Hauptschulabschluss nach Klasse 9 oder ein dem Hauptschulabschluss gleichwertiger Abschluss;1;0;**;1;2016-06-08 16:54:05;1
SB;3B;Berufsschulabschluss und Hauptschulabschluss nach Klasse 9 oder ein dem Hauptschulabschluss gleichwertiger Abschluss;1;0;**;1;2016-06-08 16:54:10;1
SB;0F;Mittlerer Schulabschluss (Fachoberschulreife ohne Qualifikationsvermerk);12;0;**;1;2016-03-02 12:57:21;1
SB;0F;Mittlerer Schulabschluss (Fachoberschulreife ohne Berechtigung zum Besuch der gymnasialen Oberstufe);17;0;**;1;2016-06-08 17:20:40;0
SB;0F;Mittlerer Schulabschluss (Fachoberschulreife ohne Berechtigung zum Besuch der gymnasialen Oberstufe);18;0;**;1;2016-06-08 17:20:50;0
BK;0G;Mittlerer Schulabschluss (Fachoberschulreife mit Berechtigung zum Besuch der gymnasialen Oberstufe);16;0;**;1;2016-06-08 17:08:18;0
BK;0G;Mittlerer Schulabschluss (Fachoberschulreife mit Berechtigung zum Besuch der gymnasialen Oberstufe);17;0;**;1;2016-06-08 17:07:44;0
BK;0G;Mittlerer Schulabschluss (Fachoberschulreife mit Berechtigung zum Besuch der gymnasialen Oberstufe);18;0;**;1;2016-06-08 17:07:48;0
BK;0G;Mittlerer Schulabschluss nach Klasse 11 (für G8 Schüler);19;0;**;1;2016-02-29 16:06:48;0
BK;0G;Mittlerer Schulabschluss nach Klasse 11 (für G8 Schüler);21;0;**;1;2016-02-29 16:07:09;0
BK;0G;Mittlerer Schulabschluss nach Klasse 11 (für G8 Schüler);27;0;**;1;2016-02-29 16:07:19;0
BK;0G;Mittlerer Schulabschluss nach Klasse 11 (für G8 Schüler);28;0;**;1;2016-02-29 16:07:24;0
SB;0G;Mittlerer Schulabschluss (Fachoberschulreife mit Qualifikationsvermerk);3;0;**;1;2016-03-02 13:02:15;1
SB;0G;Mittlerer Schulabschluss (Fachoberschulreife mit Qualifikationsvermerk);10;0;**;1;2016-03-02 13:02:13;0
SB;0G;Mittlerer Schulabschluss (Fachoberschulreife mit Qualifikationsvermerk);11;0;**;1;2016-03-02 13:02:10;0
SB;0G;Mittlerer Schulabschluss (Fachoberschulreife mit Qualifikationsvermerk);12;0;**;1;2016-03-02 13:02:07;0
SB;0G;Mittlerer Schulabschluss (Fachoberschulreife mit Berechtigung zum Besuch der gymnasialen Oberstufe);16;0;**;1;2016-06-08 17:20:53;0
GM;C;Hauptschulabschluss (mit Berechtigung zum Besuch der Klasse 10, Typ B) (zehnjährige Vollzeitschulpflicht erfüllt);0;0;09;1;2016-03-17 14:06:42;0
SB;0G;Mittlerer Schulabschluss (Fachoberschulreife mit Berechtigung zum Besuch der gymnasialen Oberstufe);17;0;**;1;2016-06-08 17:20:57;0
SB;0G;Mittlerer Schulabschluss (Fachoberschulreife mit Berechtigung zum Besuch der gymnasialen Oberstufe);18;0;**;1;2016-06-08 17:21:21;0
SB;0G;Mittlerer Schulabschluss nach Klasse 11 (für G8 Schüler);19;0;**;1;2016-02-29 16:16:56;0
SB;0G;Mittlerer Schulabschluss nach Klasse 11 (für G8 Schüler);21;0;**;1;2016-02-29 16:16:57;0
SB;0G;Mittlerer Schulabschluss nach Klasse 11 (für G8 Schüler);27;0;**;1;2016-02-29 16:16:59;0
SB;0G;Mittlerer Schulabschluss nach Klasse 11 (für G8 Schüler);28;0;**;1;2016-02-29 16:17:05;0
SB;0H;Fachhochschulreife (schulischer Teil);19;0;**;1;2016-02-29 16:27:27;1
SB;0H;Fachhochschulreife (schulischer Teil);27;0;**;1;2016-02-29 16:27:29;0
SB;0H;Fachhochschulreife (schulischer Teil);28;0;**;1;2016-02-29 16:27:39;0
SB;5A;Berufsabschluss (für Schüler, die bereits die Qualifikation des Hauptschulabschlusses der Klasse 10 oder einen höheren Abschluss erreicht hatten);3;0;**;1;2016-02-29 17:23:00;0
SB;5A;Berufsabschluss (für Schüler, die bereits die Qualifikation des Hauptschulabschlusses nach Klasse 10 oder einen höheren Abschluss erreicht hatten);10;0;**;1;2016-02-29 17:23:04;0
SB;5A;Berufsabschluss (für Schüler, die bereits die Qualifikation des Hauptschulabschlusses der Klasse 10 oder einen höheren Abschluss erreicht hatten);12;0;**;1;2016-02-29 17:23:05;0
SB;5A;Berufsabschluss (für Schüler, die bereits die Qualifikation des Hauptschulabschlusses nach Klasse 10 oder einen höheren Abschluss erreicht hatten);16;0;**;1;2016-02-29 17:23:09;0
SB;5A;Berufsabschluss (für Schüler, die bereits die Qualifikation des Hauptschulabschlusses der Klasse 10 oder einen höheren Abschluss erreicht hatten);17;0;**;1;2016-02-29 17:23:10;0
SB;5A;Berufsabschluss (für Schüler, die bereits die Qualifikation des Hauptschulabschlusses der Klasse 10 oder einen höheren Abschluss erreicht hatten);18;0;**;1;2016-02-29 17:23:25;0
BK;5D;Berufsabschluss und Hauptschulabschluss nach Klasse 10;13;0;**;1;2016-03-01 11:43:26;0
R;A;Ohne Abschluss (zehnjährige Vollzeitschulpflicht erfüllt);0;0;06;1;2013-06-05 10:30:28;0
R;A;Ohne Abschluss (zehnjährige Vollzeitschulpflicht erfüllt);0;0;07;1;2013-06-05 10:30:32;0
R;A;Ohne Abschluss (zehnjährige Vollzeitschulpflicht erfüllt);0;0;08;1;2013-06-05 10:30:36;0
R;A;Ohne Abschluss (zehnjährige Vollzeitschulpflicht erfüllt);0;0;09;1;2013-06-05 10:30:58;0
R;B;Hauptschulabschluss (ohne Berechtigung zum Besuch der Klasse 10, Typ B) (zehnjährige Vollzeitschulpflicht erfüllt);0;0;09;1;2013-06-05 10:33:03;0
R;C;Hauptschulabschluss (mit Berechtigung zum Besuch der Klasse 10, Typ B) (zehnjährige Vollzeitschulpflicht erfüllt);0;0;09;1;2013-06-05 10:47:52;0
R;D;Hauptschulabschluss nach Klasse 10;0;0;10;1;2013-06-05 10:58:16;0
GY;A;Ohne Abschluss (zehnjährige Vollzeitschulpflicht erfüllt);0;0;06;1;2013-06-06 09:31:02;0
GY;A;Ohne Abschluss (zehnjährige Vollzeitschulpflicht erfüllt);0;0;07;1;2013-06-06 09:31:06;0
GY;A;Ohne Abschluss (zehnjährige Vollzeitschulpflicht erfüllt);0;0;08;1;2013-06-06 09:31:08;0
GY;A;Ohne Abschluss (zehnjährige Vollzeitschulpflicht erfüllt);0;0;09;1;2013-06-06 09:31:27;0
GY;B;"Hauptschulabschluss nach Klasse 9 vergleichbarer Abschluss (ohne Berechtigung zum Besuch der Klasse 10 bzw. der gymnasialen Oberstufe; § 40 Abs. 4 S. 3 i.V.m. § 22 Abs. 1 u. § 25 Abs. 1 u. 2 APO-SI)";0;0;09;1;2016-05-19 10:17:54;0
GY;C;"Hauptschulabschluss nach Klasse 9 vergleichbarer Abschluss (mit Berechtigung zum Besuch der Klasse 10, Typ B) (nur G9 Bildungsgänge; mit Versetzung)";0;0;09;1;2016-05-19 10:18:50;0
GY;C;Hauptschulabschluss nach Klasse 9 vergleichbarer Abschluss (mit Berechtigung zum Besuch der Klasse 10, Typ B) (ohne weiteren Abschluss in Klasse 10);0;0;10;1;2016-05-19 10:43:16;0
GY;D;Hauptschulabschluss nach Klasse 10 (§ 41 Abs. 2 APO-SI);0;0;10;1;2016-04-28 12:37:39;0
GY;F;Mittlerer Schulabschluss (Fachoberschulreife) (ohne Versetzungsvermerk);0;0;10;1;2016-04-28 12:38:17;0
GY;G;Mittlerer Schulabschluss (Fachoberschulreife) (mit Versetzungsvermerk);0;0;10;1;2016-04-28 12:38:46;0
H;A;Ohne Abschluss (zehnjährige Vollzeitschulpflicht erfüllt);0;0;06;1;2013-06-04 16:02:44;0
H;A;Ohne Abschluss (zehnjährige Vollzeitschulpflicht erfüllt);0;0;07;1;2013-06-04 16:02:47;0
H;A;Ohne Abschluss (zehnjährige Vollzeitschulpflicht erfüllt);0;0;08;1;2013-06-04 16:02:51;0
H;A;Ohne Abschluss (zehnjährige Vollzeitschulpflicht erfüllt);0;0;09;1;2013-06-04 16:03:02;0
H;B;Hauptschulabschluss (ohne Berechtigung zum Besuch der Klasse 10, Typ B) (zehnjährige Vollzeitschulpflicht erfüllt);0;0;09;1;2013-06-04 16:10:53;0
H;C;Hauptschulabschluss (mit Berechtigung zum Besuch der Klasse 10, Typ B) (zehnjährige Vollzeitschulpflicht erfüllt);0;0;09;1;2013-06-04 16:11:47;0
H;B;Hauptschulabschluss (ohne Berechtigung zum Besuch der Klasse 10, Typ B);0;0;1A;1;2013-06-05 10:39:11;0
H;D;Hauptschulabschluss nach Klasse 10;0;0;1A;1;2006-06-08 15:55:40;0
H;C;Hauptschulabschluss (mit Berechtigung zum Besuch der Klasse 10, Typ B) (ohne weiteren Abschluss im Jahrgang 10);0;0;1B;1;2013-06-04 16:16:32;0
H;D;Hauptschulabschluss nach Klasse 10;0;0;1B;1;2006-06-08 15:56:06;0
H;F;Mittlerer Schulabschluss - Fachoberschulreife ohne Berechtigung zum Besuch der gymnasialen Oberstufe;0;0;1B;1;2013-06-04 16:18:23;0
H;G;Mittlerer Schulabschluss - Fachoberschulreife mit Berechtigung zum Besuch der gymnasialen Oberstufe;0;0;1B;1;2013-06-05 11:23:15;0
BK;0A;Ohne Abschluss;4;0;**;1;2016-02-29 13:46:42;0
BK;8D;Vertiefte berufliche Kenntnisse, Fähigkeiten und Fertigkeiten und ein dem Hauptschulabschluss nach Klasse 10 gleichwertiger Abschluss (für G8 Schüler);26;0;**;1;2016-03-01 12:29:00;0
BK;3D;Berufsschulabschluss und Hauptschulabschluss nach Klasse 10 oder ein dem Hauptschulabschluss nach Klasse 10 gleichwertiger Abschluss;1;0;**;1;2016-06-08 16:57:47;1
BK;3F;Berufsschulabschluss und Mittlerer Schulabschluss (Fachoberschulreife ohne Berechtigung zum Besuch der gymnasialen Oberstufe);1;0;**;1;2016-06-09 11:10:57;1
BK;2G;Berufsgrundbildung und Mittlerer Schulabschluss (Fachoberschulreife mit Qualifikationsvermerk);11;0;**;1;2016-03-01 13:47:49;1
BK;4K;Berufliche Kenntnisse, Fähigkeiten und Fertigkeiten und Allgemeine Hochschulreife;28;0;**;1;2016-02-29 17:12:08;1
BK;5A;Berufsabschluss (für Schüler, die bereits die Qualifikation des Hauptschulabschlusses der Klasse 10 oder einen höheren Abschluss erreicht hatten);16;0;**;1;2016-06-09 12:06:15;0
BK;5F;Berufsabschluss und Mittlerer Schulabschluss (Fachoberschulreife ohne Qualifikationsvermerk);10;0;**;1;2016-03-01 11:51:36;0
BK;5G;Berufsabschluss und Mittlerer Schulabschluss (Fachoberschulreife mit Qualifikationsvermerk);10;0;**;1;2016-03-01 12:01:14;0
BK;1P;Versetzungszeugnis der Klasse 11 FO;22;0;**;1;2016-02-29 16:51:29;1
BK;6A;Fachschulabschluss;33;0;**;1;2016-03-01 12:20:09;0
BK;6J;Fachschulabschluss und Fachhochschulreife;31;0;**;1;2016-03-01 12:26:48;0
BK;6F;Fachschulabschluss und Mittlerer Schulabschluss;31;0;**;1;2016-03-02 12:44:37;1
WB;B;Hauptschulabschluss (ohne Berechtigung zum Besuch der Klasse 10, Typ B);0;0;**;1;2013-06-06 12:10:27;0
WB;D;Hauptschulabschluss nach Klasse 10;0;0;**;1;2008-06-30 15:00:10;0
WB;G;Mittlerer Schulabschluss - Fachoberschulreife mit Berechtigung zum Besuch der gymnasialen Oberstufe (mit Versetzungsvermerk);0;0;**;1;2013-06-06 12:08:39;0
WB;H;Fachhochschulreife (schulischer Teil);0;0;**;1;;0
WB;K;Abitur (allgemeine Hochschulreife);0;0;**;1;;0
V;A;Ohne Abschluss (zehnjährige Vollzeitschulpflicht erfüllt);0;0;06;1;2013-06-06 08:45:57;0
V;A;Ohne Abschluss (zehnjährige Vollzeitschulpflicht erfüllt);0;0;07;1;2013-06-06 08:45:59;0
V;A;Ohne Abschluss (zehnjährige Vollzeitschulpflicht erfüllt);0;0;08;1;2013-06-06 08:46:02;0
V;A;Ohne Abschluss (zehnjährige Vollzeitschulpflicht erfüllt);0;0;09;1;2013-06-06 08:46:11;0
V;B;Hauptschulabschluss (ohne Berechtigung zum Besuch der Klasse 10, Typ B) (zehnjährige Vollzeitschulpflicht erfüllt);0;0;09;1;2013-06-05 07:41:59;0
BK;8G;Vertiefte berufliche Kenntnisse, Fähigkeiten und Fertigkeiten und Mittlerer Schulabschluss nach Klasse 11 (für G8 Schüler);26;0;**;1;2016-03-01 12:29:51;0
V;C;Hauptschulabschluss (mit Berechtigung zum Besuch der Klasse 10, Typ B) (zehnjährige Vollzeitschulpflicht erfüllt);0;0;09;1;2013-06-05 07:42:54;0
S;A;Ohne Abschluss (zehnjährige Vollzeitschulpflicht erfüllt);0;0;07;1;2014-04-04 07:45:12;0
S;B;Hauptschulabschluss (ohne Berechtigung zum Besuch der Klasse 10, Typ B) (zehnjährige Vollzeitschulpflicht erfüllt);0;0;09;1;2013-06-05 07:59:55;0
S;C;Hauptschulabschluss (mit Berechtigung zum Besuch der Klasse 10, Typ) (zehnjährige Vollzeitschulpflicht erfüllt);0;0;09;1;2013-06-05 08:03:49;0
S;D;Hauptschulabschluss nach Klasse 10;0;0;10;1;2013-06-05 08:04:45;0
S;C;Hauptschulabschluss (mit Berechtigung zum Besuch der Klasse 10, Typ);0;0;10;1;2013-06-05 08:04:04;0
S;F;Mittlerer Schulabschluss - Fachoberschulreife ohne Berechtigung zum Besuch der gymnasialen Oberstufe;0;0;10;1;2013-06-05 08:05:36;0
S;G;Mittlerer Schulabschluss - Fachoberschulreife mit Berechtigung zum Besuch der gymnasialen Oberstufe;0;0;10;1;2013-06-05 08:06:17;0
S;V;Abschlusszeugnis des Bildungsgangs im Förderschwerpunkt Lernen;0;0;10;1;2013-06-07 11:03:49;0
S;B;Hauptschulabschluss (ohne Berechtigung zum Besuch der Klasse 10, Typ B);0;0;10;1;2013-06-05 10:45:31;0
S;M;Abschlusszeugnis der Förderschule, Förderschwerpunkt geistige Entwicklung;0;0;85;1;2013-06-05 08:59:13;0
S;M;Abschlusszeugnis der Förderschule, Förderschwerpunkt geistige Entwicklung;0;0;86;1;2013-06-05 08:59:16;0
V;B;Hauptschulabschluss (ohne Berechtigung zum Besuch der Klasse 10, Typ B);0;0;1A;1;2013-06-05 10:43:09;0
V;D;Hauptschulabschluss nach Klasse 10;0;0;1A;1;2006-06-08 16:05:57;0
V;C;Hauptschulabschluss (mit Berechtigung zum Besuch der Klasse 10, Typ B) (ohne weiteren Abschluss im Jahrgang 10);0;0;1B;1;2013-06-05 10:36:29;0
V;D;Hauptschulabschluss nach Klasse 10;0;0;1B;1;2006-06-08 16:06:25;0
V;F;Mittlerer Schulabschluss - Fachoberschulreife ohne Berechtigung zum Besuch der gymnasialen Oberstufe;0;0;1B;1;2013-06-05 07:46:43;0
V;G;Mittlerer Schulabschluss - Fachoberschulreife mit Berechtigung zum Besuch der gymnasialen Oberstufe;0;0;1B;1;2013-06-05 11:23:59;0
S;A;Ohne Abschluss;0;0;71;1;2013-06-07 11:05:54;0
S;B;Hauptschulabschluss (ohne Berechtigung zum Besuch der Klasse 10, Typ B) (zehnjährige Vollzeitschulpflicht erfüllt);0;0;71;1;2013-06-05 08:03:00;0
H;V;Abschlusszeugnis des Bildungsgangs im Förderschwerpunkt Lernen;0;0;1A;1;2013-06-05 09:13:40;0
S;C;Hauptschulabschluss (mit Berechtigung zum Besuch der Klasse 10, Typ B);0;0;71;1;2013-06-07 11:06:26;0
S;D;Hauptschulabschluss nach Klasse 10;0;0;71;1;2013-06-05 08:05:04;0
S;F;Mittlerer Schulabschluss - Fachoberschulreife ohne Berechtigung zum Besuch der gymnasialen Oberstufe;0;0;71;1;2013-06-05 08:05:57;0
S;G;Mittlerer Schulabschluss - Fachoberschulreife mit Berechtigung zum Besuch der gymnasialen Oberstufe;0;0;71;1;2013-06-05 08:07:18;0
S;M;Abschlusszeugnis der Förderschule, Förderschwerpunkt geistige Entwicklung;0;0;71;1;2013-06-05 08:59:41;0
S;V;Abschlusszeugnis des Bildungsgangs im Förderschwerpunkt Lernen;0;0;71;1;2013-06-07 11:09:05;0
GY;V;Abschlusszeugnis des Bildungsgangs im Förderschwerpunkt Lernen;0;0;10;1;2013-06-06 10:01:50;0
R;V;Abschlusszeugnis des Bildungsgangs im Förderschwerpunkt Lernen;0;0;10;1;2013-06-05 11:26:43;0
BK;0D;Hauptschulabschluss nach Klasse 10;12;0;**;1;2016-02-29 14:49:44;0
BK;0F;Mittlerer Schulabschluss (Fachoberschulreife ohne Qualifikationsvermerk);4;0;**;1;2016-03-01 13:31:39;1
V;V;Abschlusszeugnis des Bildungsgangs im Förderschwerpunkt Lernen;0;0;10;1;2013-06-05 07:53:15;0
H;V;Abschlusszeugnis des Bildungsgangs im Förderschwerpunkt Lernen;0;0;10;1;2013-06-04 16:23:52;0
H;B;Hauptschulabschluss (ohne Berechtigung zum Besuch der Klasse 10, Typ B);0;0;10;1;2013-06-04 16:04:43;0
H;C;Hauptschulabschluss (mit Berechtigung zum Besuch der Klasse 10, Typ B);0;0;10;1;2013-06-04 16:14:11;0
H;D;Hauptschulabschluss nach Klasse 10;0;0;10;1;2013-06-04 16:17:15;0
H;F;Mittlerer Schulabschluss - Fachoberschulreife ohne Berechtigung zum Besuch der gymnasialen Oberstufe;0;0;10;1;2013-06-04 16:18:08;0
V;C;Hauptschulabschluss (mit Berechtigung zum Besuch der Klasse 10, Typ B);0;0;10;1;2013-06-05 07:42:20;0
V;D;Hauptschulabschluss nach Klasse 10;0;0;10;1;2013-06-05 07:44:26;0
V;F;Mittlerer Schulabschluss - Fachoberschulreife ohne Berechtigung zum Besuch der gymnasialen Oberstufe;0;0;10;1;2013-06-05 07:46:29;0
V;G;Mittlerer Schulabschluss - Fachoberschulreife mit Berechtigung zum Besuch der gymnasialen Oberstufe;0;0;10;1;2013-06-07 11:12:11;0
GY;B;Hauptschulabschluss (ohne Berechtigung zum Besuch der Klasse 10, Typ B) (nur G9 Bildungsgänge mit dem Förderschwerpunkt Lernen);0;0;10;1;2016-04-28 12:33:25;0
V;B;Hauptschulabschluss (ohne Berechtigung zum Besuch der Klasse 10, Typ B);0;0;10;1;2013-06-05 07:40:31;0
SR;A;Ohne Abschluss (zehnjährige Vollzeitschulpflicht erfüllt);0;0;06;1;2013-06-06 13:07:08;0
SR;A;Ohne Abschluss (zehnjährige Vollzeitschulpflicht erfüllt);0;0;07;1;2013-06-06 13:07:14;0
SR;A;Ohne Abschluss (zehnjährige Vollzeitschulpflicht erfüllt);0;0;08;1;2013-06-06 13:07:19;0
SR;A;Ohne Abschluss (zehnjährige Vollzeitschulpflicht erfüllt);0;0;09;1;2013-06-06 13:08:14;0
SR;B;Hauptschulabschluss (ohne Berechtigung zum Besuch der Klasse 10, Typ B) (zehnjährige Vollzeitschulpflicht erfüllt);0;0;09;1;2013-06-06 13:09:38;0
SR;C;Hauptschulabschluss (mit Berechtigung zum Besuch der Klasse 10, Typ B) (zehnjährige Vollzeitschulpflicht erfüllt);0;0;09;1;2013-06-06 13:10:22;0
SR;C;Hauptschulabschluss (mit Berechtigung zum Besuch der Klasse 10, Typ B);0;0;10;1;2013-06-06 13:10:39;0
SR;D;Hauptschulabschluss nach Klasse 10;0;0;10;1;2013-06-06 13:10:52;0
BK;6A;Fachschulabschluss;35;0;**;1;2016-03-01 12:22:12;0
SR;F;Mittlerer Schulabschluss - Fachoberschulreife ohne Berechtigung zum Besuch der gymnasialen Oberstufe;0;0;10;1;2013-06-06 13:11:20;0
SR;G;Mittlerer Schulabschluss - Fachoberschulreife mit Berechtigung zum Besuch der gymnasialen Oberstufe;0;0;10;1;2013-06-06 13:11:57;0
SG;A;Ohne Abschluss (zehnjährige Vollzeitschulpflicht erfüllt);0;0;06;1;2013-06-06 12:11:12;0
SG;A;Ohne Abschluss (zehnjährige Vollzeitschulpflicht erfüllt);0;0;07;1;2013-06-06 12:11:14;0
SG;A;Ohne Abschluss (zehnjährige Vollzeitschulpflicht erfüllt);0;0;08;1;2013-06-06 13:07:16;0
GM;M;Abschlusszeugnis der Förderschule, Förderschwerpunkt geistige Entwicklung;0;0;09;1;2016-03-17 14:03:34;0
SG;A;Ohne Abschluss (zehnjährige Vollzeitschulpflicht erfüllt);0;0;09;1;2013-06-06 13:07:21;0
SG;B;Hauptschulabschluss (ohne Berechtigung zum Besuch der Klasse 10, Typ B) (zehnjährige Vollzeitschulpflicht erfüllt);0;0;09;1;2013-06-06 13:12:26;0
SG;C;Hauptschulabschluss (mit Berechtigung zum Besuch der Klasse 10, Typ B) (zehnjährige Vollzeitschulpflicht erfüllt);0;0;09;1;2013-06-06 13:13:55;0
SG;C;Hauptschulabschluss (mit Berechtigung zum Besuch der Klasse 10, Typ B);0;0;10;1;2013-06-06 13:14:06;0
SG;D;Hauptschulabschluss nach Klasse 10;0;0;10;1;2013-06-06 13:14:12;0
SG;F;Mittlerer Schulabschluss - Fachoberschulreife ohne Berechtigung zum Besuch der gymnasialen Oberstufe;0;0;10;1;2013-06-06 13:14:19;0
SG;G;Mittlerer Schulabschluss - Fachoberschulreife mit Berechtigung zum Besuch der gymnasialen Oberstufe;0;0;10;1;2013-06-06 13:15:46;0
SG;G;Mittlerer Schulabschluss - Fachoberschulreife mit Berechtigung zum Besuch der gymnasialen Oberstufe (ohne Versetzungsvermerk);0;0;EF;1;2014-09-15 14:11:19;0
SG;I;Mittlerer Schulabschluss - Fachoberschulreife mit Berechtigung zum Besuch der Qualifikationsphase 1 (mit Versetzungsvermerk);0;0;EF;1;2014-09-15 14:11:23;0
SG;I;Mittlerer Schulabschluss - Fachoberschulreife mit Berechtigung zum Besuch der Qualifikationsphase 1 (ohne Fachhochschulreife);0;0;Q1;1;2014-09-15 14:11:28;0
SG;H;Fachhochschulreife (schulischer Teil);0;0;Q1;1;2014-09-15 14:11:31;0
SG;I;Mittlerer Schulabschluss - Fachoberschulreife mit Berechtigung zum Besuch der Qualifikationsphase 1 (ohne Abitur und ohne Fachhochschulreife);0;0;Q2;1;2014-09-15 14:11:37;0
SG;H;Fachhochschulreife (schulischer Teil) (ohne Abitur);0;0;Q2;1;2014-09-15 14:11:43;0
SG;K;Abitur (allgemeine Hochschulreife);0;0;Q2;1;2014-09-15 14:11:33;0
S;A;Ohne Abschluss (zehnjährige Vollzeitschulpflicht erfüllt);0;0;06;1;2014-04-04 07:45:09;0
S;A;Ohne Abschluss (zehnjährige Vollzeitschulpflicht erfüllt);0;0;08;1;2014-04-04 07:45:16;0
S;A;Ohne Abschluss (zehnjährige Vollzeitschulpflicht erfüllt);0;0;09;1;2014-04-04 07:45:42;0
FW;K;Abitur (allgemeine Hochschulreife);0;0;13;1;2013-06-06 09:08:27;0
FW;W;Zeugnis der Waldorfschule;0;0;13;1;2016-04-27 15:11:31;0
FW;K;Abitur (allgemeine Hochschulreife) (ohne Berufsabschluss) (nur Hiberniakolleg);0;0;06;1;2013-06-07 11:02:50;0
FW;5K;Berufsabschluss und Abitur (allgemeine Hochschulreife) (nur Hiberniakolleg);0;0;06;1;2013-06-06 09:22:48;0
FW;M;Abschlusszeugnis der Förderschule, Förderschwerpunkt geistige Entwicklung;0;0;06;1;2016-04-27 15:12:36;0
FW;M;Abschlusszeugnis der Förderschule, Förderschwerpunkt geistige Entwicklung;0;0;07;1;2016-04-27 15:12:38;0
FW;M;Abschlusszeugnis der Förderschule, Förderschwerpunkt geistige Entwicklung;0;0;08;1;2016-04-27 15:12:40;0
FW;M;Abschlusszeugnis der Förderschule, Förderschwerpunkt geistige Entwicklung;0;0;09;1;2016-04-27 15:12:42;0
FW;M;Abschlusszeugnis der Förderschule, Förderschwerpunkt geistige Entwicklung;0;0;85;1;2016-04-27 15:12:53;0
FW;M;Abschlusszeugnis der Förderschule, Förderschwerpunkt geistige Entwicklung;0;0;86;1;2016-04-27 15:13:23;0
FW;W;Zeugnis der Waldorfschule;0;0;71;1;2016-04-27 15:11:42;0
FW;5F;Berufsabschluss und Mittlerer Schulabschluss - Fachoberschulreife ohne Berechtigung zum Besuch der gymnasialen Oberstufe (nur Hiberniaschule);0;0;12;1;2016-04-27 15:38:46;0
FW;W;Zeugnis der Waldorfschule;0;0;12;1;2016-04-27 15:11:22;0
BK;0D;Hauptschulabschluss nach Klasse 10;4;0;**;1;2016-02-29 14:49:01;0
BK;0G;Mittlerer Schulabschluss (Fachoberschulreife mit Qualifikationsvermerk);3;0;**;1;2016-03-01 13:32:10;0
BK;0H;Fachhochschulreife (schulischer Teil);19;0;**;1;2016-02-29 16:21:46;0
BK;3J;Berufsschulabschluss und Fachhochschulreife;2;0;**;1;2016-02-29 16:54:25;1
BK;5K;Berufsabschluss und Allgemeine Hochschulreife;27;0;**;1;2016-03-01 12:18:05;1
BK;0K;Allgemeine Hochschulreife;27;0;**;1;2016-02-29 16:38:45;1
WB;F;Mittlerer Schulabschluss - Fachoberschulreife ohne Berechtigung zum Besuch der gymnasialen Oberstufe (ohne Versetzungsvermerk);0;0;**;1;2013-06-06 12:09:18;0
WB;J;Fachhochschulreife (nur für Studierende, die bereits den berufsbezogenen Teil der Fachhochschulreife erworben haben);0;0;**;1;2012-05-23 13:15:15;0
BK;8J;Vertiefte berufliche Kenntnisse, Fähigkeiten und Fertigkeiten und Fachhochschulreife;24;0;**;1;2016-03-01 12:30:03;1
BK;8J;Vertiefte berufliche Kenntnisse, Fähigkeiten und Fertigkeiten und Fachhochschulreife;26;0;**;1;2016-03-01 12:30:30;0
BK;0A;Ohne Abschluss;19;0;**;1;2016-02-29 13:57:21;0
FW;K;Abitur (allgemeine Hochschulreife);0;0;71;1;2013-06-06 09:09:49;0
BK;9A;Schulwechsler, die im selben Bildungsgang verbleiben;3;0;**;1;2016-02-29 14:10:19;0
S;M;Abschlusszeugnis der Förderschule, Förderschwerpunkt geistige Entwicklung;0;0;06;1;2013-06-05 08:07:42;0
S;M;Abschlusszeugnis der Förderschule, Förderschwerpunkt geistige Entwicklung;0;0;07;1;2013-06-05 08:07:45;0
S;M;Abschlusszeugnis der Förderschule, Förderschwerpunkt geistige Entwicklung;0;0;08;1;2013-06-05 08:07:47;0
S;M;Abschlusszeugnis der Förderschule, Förderschwerpunkt geistige Entwicklung;0;0;09;1;2013-06-05 08:08:49;0
S;M;Abschlusszeugnis der Förderschule, Förderschwerpunkt geistige Entwicklung;0;0;10;1;2013-06-05 08:09:10;0
BK;8Q;Vertiefte berufliche Kenntnisse, Fähigkeiten und Fertigkeiten und fachgebundene Hochschulreife;29;0;**;1;2016-03-01 12:32:00;1
BK;4H;Berufliche Kenntnisse, Fähigkeiten und Fertigkeiten und Fachhochschulreife (schulischer Teil);21;0;**;1;2016-02-29 17:09:04;0
BK;3A;Berufsschulabschluss (für Schülerinnen und Schüler, die während der Berufsausbildung über ihre Eingangsqualifikation hinaus keinen höherwertigen allgemeinbildenden Abschluss erwerben);1;0;**;1;2016-06-08 16:57:08;1
BK;0D;Hauptschulabschluss nach Klasse 10;3;0;**;1;2016-02-29 14:48:29;1
BK;0D;Hauptschulabschluss nach Klasse 10;13;0;**;1;2016-02-29 14:49:46;0
BK;0F;Mittlerer Schulabschluss (Fachoberschulreife ohne Qualifikationsvermerk);3;0;**;1;2016-03-01 13:31:36;0
BK;0F;Mittlerer Schulabschluss (Fachoberschulreife ohne Qualifikationsvermerk);10;0;**;1;2016-03-01 13:31:44;0
BK;0G;Mittlerer Schulabschluss (Fachoberschulreife mit Qualifikationsvermerk);10;0;**;1;2016-03-01 13:32:13;0
BK;0G;Mittlerer Schulabschluss (Fachoberschulreife mit Qualifikationsvermerk);12;0;**;1;2016-03-01 13:32:20;1
BK;0H;Fachhochschulreife (schulischer Teil);28;0;**;1;2016-02-29 16:22:53;0
BK;0K;Allgemeine Hochschulreife;28;0;**;1;2016-02-29 16:38:16;0
BK;8K;Vertiefte berufliche Kenntnisse, Fähigkeiten und Fertigkeiten und Allgemeine Hochschulreife;29;0;**;1;2016-03-01 12:31:43;1
BK;8K;Vertiefte berufliche Kenntnisse, Fähigkeiten und Fertigkeiten und Allgemeine Hochschulreife;30;0;**;1;2016-03-01 12:31:56;0
BK;8Q;Vertiefte berufliche Kenntnisse, Fähigkeiten und Fertigkeiten und fachgebundene Hochschulreife;30;0;**;1;2016-03-01 12:32:24;0
BK;2F;Berufsgrundbildung und Mittlerer Schulabschluss (Fachoberschulreife ohne Qualifikationsvermerk);11;0;**;1;2016-03-01 13:47:25;1
BK;5A;Berufsabschluss (für Schüler, die bereits die Qualifikation des Hauptschulabschlusses der Klasse 10 oder einen höheren Abschluss erreicht hatten);13;0;**;1;2016-06-09 12:03:49;0
BK;5A;Berufsabschluss (für Schüler, die bereits die Qualifikation des Hauptschulabschlusses der Klasse 10 oder einen höheren Abschluss erreicht hatten);17;0;**;1;2016-02-29 17:20:00;0
BK;5A;Berufsabschluss (für Schüler, die bereits die Qualifikation des Hauptschulabschlusses der Klasse 10 oder einen höheren Abschluss erreicht hatten);18;0;**;1;2016-02-29 17:20:33;0
BK;5F;Berufsabschluss und Mittlerer Schulabschluss (Fachoberschulreife ohne Berechtigung zum Besuch der gymnasialen Oberstufe);17;0;**;1;2016-06-09 12:08:23;0
BK;5D;Berufsabschluss und Hauptschulabschluss nach Klasse 10;10;0;**;1;2016-03-01 11:40:10;0
BK;5D;Berufsabschluss und ein dem Hauptschulabschluss nach Klasse 10 gleichwertiger Abschluss;17;0;**;1;2016-06-08 17:08:24;0
BK;5G;Berufsabschluss und Mittlerer Schulabschluss (Fachoberschulreife mit Berechtigung zum Besuch der gymnasialen Oberstufe);17;0;**;1;2016-06-08 17:09:12;0
BK;5J;Berufsabschluss und Fachhochschulreife;19;0;**;1;2016-03-01 12:09:08;1
BK;6A;Fachschulabschluss;31;0;**;1;2016-03-01 12:19:52;0
BK;6F;Fachschulabschluss und MittlererSchulabschluss;32;0;**;1;2016-03-02 12:44:40;0
BK;6F;Fachschulabschluss und Mittlerer Schulabschluss;35;0;**;1;2016-03-02 12:44:45;0
BK;6F;Fachschulabschluss und Mittlerer Schulabschluss;36;0;**;1;2016-03-02 12:44:47;0
BK;6J;Fachschulabschluss und Fachhochschulreife;32;0;**;1;2016-03-01 12:26:53;1
BK;6J;Fachschulabschluss und Fachhochschulreife;35;0;**;1;2016-03-01 12:27:05;0
BK;6J;Fachschulabschluss und Fachhochschulreife;36;0;**;1;2016-03-01 12:27:13;0
BK;8J;Vertiefte berufliche Kenntnisse, Fähigkeiten und Fertigkeiten und Fachhochschulreife;25;0;**;1;2016-03-01 12:30:05;0
SB;0A;Ohne Abschluss;11;0;**;1;2016-02-29 14:26:15;0
SB;0K;Allgemeine Hochschulreife;27;0;**;1;2016-02-29 16:42:12;0
SB;0K;Allgemeine Hochschulreife;28;0;**;1;2016-02-29 16:42:18;1
SB;8K;Vertiefte berufliche Kenntnisse, Fähigkeiten und Fertigkeiten und Allgemeine Hochschulreife;29;0;**;1;2016-03-01 12:32:28;0
SB;8K;Vertiefte berufliche Kenntnisse, Fähigkeiten und Fertigkeiten und Allgemeine Hochschulreife;30;0;**;1;2016-03-01 12:32:31;1
SB;8Q;Vertiefte berufliche Kenntnisse, Fähigkeiten und Fertigkeiten und fachgebundene Hochschulreife;29;0;**;1;2016-03-01 12:32:35;1
SB;8Q;Vertiefte berufliche Kenntnisse, Fähigkeiten und Fertigkeiten und fachgebundene Hochschulreife;30;0;**;1;2016-03-01 12:32:49;0
SB;1P;Versetzungszeugnis der Klasse 11 FO;22;0;**;1;2016-02-29 16:52:17;1
SB;2F;Berufsgrundbildung und Mittlerer Schulabschluss (Fachoberschulreife ohne Qualifikationsvermerk);11;0;**;1;2016-03-02 13:08:54;1
SB;2G;Berufsgrundbildung und Mittlerer Schulabschluss (Fachoberschulreife mit Qualifikationsvermerk);11;0;**;1;2016-03-02 13:09:04;1
SB;3A;Berufsschulabschluss (für Schülerinnen und Schüler, die während der Berufsausbildung über ihre Eingangsqualifikation hinaus keinen höherwertigen allgemeinbildenden Abschluss erwerben);1;0;**;1;2016-06-08 17:12:07;1
SB;3D;Berufsschulabschluss und Hauptschulabschluss nach Klasse 10 oder ein dem Hauptschulabschluss nach Klasse 10 gleichwertiger Abschluss;1;0;**;1;2016-06-09 11:34:30;1
SB;3F;Berufsschulabschluss und Mittlerer Schulabschluss (Fachoberschulreife ohne Berechtigung zum Besuch der gymnasialen Oberstufe);1;0;**;1;2016-06-08 17:13:07;1
SB;3J;Berufsschulabschluss und Fachhochschulreife;2;0;**;1;2016-02-29 16:54:48;1
SB;4H;Berufliche Kenntnisse, Fähigkeiten und Fertigkeiten und Fachhochschulreife (schulischer Teil);21;0;**;1;2016-02-29 17:10:03;0
SB;4K;Berufliche Kenntnisse, Fähigkeiten und Fertigkeiten und Allgemeine Hochschulreife;28;0;**;1;2016-02-29 17:13:25;0
SB;5J;Berufsabschluss und Fachhochschulreife;19;0;**;1;2016-03-01 12:17:06;1
SB;5J;Berufsabschluss und Fachhochschulreife;27;0;**;1;2016-03-01 12:17:47;0
SB;5K;Berufsabschluss und allgemeine Hochschulreife;27;0;**;1;2016-03-01 12:19:02;1
SB;6F;Fachschulabschluss und Mittlerer Schulabschluss;32;0;**;1;2016-03-02 13:54:00;1
SB;6J;Fachschulabschluss und Fachhochschulreife;32;0;**;1;2016-03-01 12:26:45;1
SB;8J;Vertiefte berufliche Kenntnisse, Fähigkeiten und Fertigkeiten und Fachhochschulreife;24;0;**;1;2016-03-01 12:30:41;0
SB;8J;Vertiefte berufliche Kenntnisse, Fähigkeiten und Fertigkeiten und Fachhochschulreife;25;0;**;1;2016-03-01 12:30:44;0
SB;9A;Schulwechsler, die im selben Bildungsgang verbleiben;11;0;**;1;2016-02-29 14:35:16;0
BK;0A;Ohne Abschluss;5;0;**;1;2016-02-29 13:47:43;0
BK;0A;Ohne Abschluss;6;0;**;1;2016-02-29 13:48:01;0
BK;0A;Ohne Abschluss;10;0;**;1;2016-02-29 13:53:22;0
BK;0A;Ohne Abschluss;3;0;**;1;2016-02-29 13:46:35;0
BK;9A;Schulwechsler, die im selben Bildungsgang verbleiben;4;0;**;1;2016-02-29 14:10:26;0
BK;9A;Schulwechsler, die im selben Bildungsgang verbleiben;5;0;**;1;2016-02-29 14:10:37;0
BK;9A;Schulwechsler, die im selben Bildungsgang verbleiben;6;0;**;1;2016-02-29 14:10:42;0
BK;9A;Schulwechsler, die im selben Bildungsgang verbleiben;10;0;**;1;2016-02-29 14:10:56;0
SB;0A;Ohne Abschluss;12;0;**;1;2016-02-29 14:26:26;0
SB;0A;Ohne Abschluss;14;0;**;1;2016-02-29 14:26:42;0
SB;9A;Schulwechsler, die im selben Bildungsgang verbleiben;12;0;**;1;2016-02-29 14:35:34;0
SB;9A;Schulwechsler, die im selben Bildungsgang verbleiben;14;0;**;1;2016-02-29 14:35:45;0
FW;B;Hauptschulabschluss;0;0;10;1;2009-06-10 16:08:36;0
FW;D;Hauptschulabschluss nach Klasse 10;0;0;11;1;2013-06-06 08:59:30;0
FW;D;Hauptschulabschluss nach Klasse 10;0;0;12;1;2009-06-10 16:09:55;0
FW;F;Mittlerer Schulabschluss - Fachoberschulreife ohne Berechtigung zum Besuch der gymnasialen Oberstufe;0;0;11;1;2013-06-06 09:00:28;0
FW;F;Mittlerer Schulabschluss - Fachoberschulreife ohne Berechtigung zum Besuch der gymnasialen Oberstufe;0;0;12;1;2013-06-06 09:00:32;0
FW;G;Mittlerer Schulabschluss - Fachoberschulreife mit Berechtigung zum Besuch der gymnasialen Oberstufe;0;0;11;1;2013-06-06 09:01:10;0
FW;G;Mittlerer Schulabschluss - Fachoberschulreife mit Berechtigung zum Besuch der gymnasialen Oberstufe;0;0;12;1;2013-06-06 09:01:14;0
FW;B;Hauptschulabschluss;0;0;71;1;2013-06-06 09:00:12;0
FW;D;Hauptschulabschluss nach Klasse 10;0;0;71;1;2009-06-10 16:16:56;0
FW;F;Mittlerer Schulabschluss - Fachoberschulreife ohne Berechtigung zum Besuch der gymnasialen Oberstufe;0;0;71;1;2013-06-06 09:00:38;0
FW;G;Mittlerer Schulabschluss - Fachoberschulreife mit Berechtigung zum Besuch der gymnasialen Oberstufe;0;0;71;1;2013-06-06 09:01:35;0
FW;H;Fachhochschulreife (schulischer Teil) (ohne Abitur);0;0;71;1;2013-06-06 09:06:44;0
FW;5A;Nur Berufsabschluss (nur Hiberniaschule);0;0;12;1;2013-06-06 09:20:21;0
R;B;Hauptschulabschluss (ohne Berechtigung zum Besuch der Klasse 10, Typ B);0;0;1A;1;2013-06-05 10:47:16;0
BK;4K;Berufliche Kenntnisse, Fähigkeiten und Fertigkeiten und Allgemeine Hochschulreife;27;0;**;1;2016-02-29 17:11:29;0
SB;0A;Ohne Abschluss;3;0;**;1;2016-02-29 14:25:37;0
R;C;Hauptschulabschluss (mit Berechtigung zum Besuch der Klasse 10, Typ B) (ohne weiteren Abschluss im Jahrgang 10);0;0;1B;1;2013-06-05 10:56:47;0
R;D;Hauptschulabschluss nach Klasse 10;0;0;1A;1;2013-06-05 10:58:24;0
R;D;Hauptschulabschluss nach Klasse 10;0;0;1B;1;2009-06-29 10:53:29;0
R;F;Mittlerer Schulabschluss - Fachoberschulreife ohne Berechtigung zum Besuch der gymnasialen Oberstufe;0;0;1B;1;2013-06-05 10:59:39;0
R;G;Mittlerer Schulabschluss - Fachoberschulreife mit Berechtigung zum Besuch der gymnasialen Oberstufe;0;0;1B;1;2012-05-23 11:12:10;0
GY;G;"Mittlerer Schulabschluss (Fachoberschulreife) (mit Berechtigung zum Besuch der gymnasialen Oberstufe bzw. ohne Versetzungsvermerk; § 40 Abs. 2 APO-GOSt)";0;0;EF;1;2016-05-19 10:08:04;0
H;G;Mittlerer Schulabschluss - Fachoberschulreife mit Berechtigung zum Besuch der gymnasialen Oberstufe (Einführungsphase);0;0;10;1;2013-06-04 16:20:48;0
H;I;Mittlerer Schulabschluss - Fachoberschulreife mit Berechtigung zum Besuch der Qualifikationsphase 1;0;0;10;1;2013-06-04 16:22:13;0
R;B;Hauptschulabschluss (ohne Berechtigung zum Besuch der Klasse 10, Typ B);0;0;10;1;2013-06-05 10:33:05;0
R;C;Hauptschulabschluss (mit Berechtigung zum Besuch der Klasse 10, Typ B);0;0;10;1;2013-06-05 10:56:30;0
R;F;Mittlerer Schulabschluss - Fachoberschulreife ohne Berechtigung zum Besuch der gymnasialen Oberstufe;0;0;10;1;2013-06-05 10:59:18;0
R;G;Mittlerer Schulabschluss - Fachoberschulreife mit Berechtigung zum Besuch der gymnasialen Oberstufe (Einführungsphase);0;0;10;1;2013-06-05 11:01:16;0
GY;H;Fachhochschulreife (schulischer Teil);0;0;Q2;1;2016-04-28 12:40:37;0
GY;K;Abitur (allgemeine Hochschulreife);0;0;Q2;1;2013-06-06 09:44:40;0
FW;H;Fachhochschulreife (schulischer Teil) (ohne Abitur);0;0;13;1;2013-06-06 09:04:04;0
BK;6A;Fachschulabschluss;32;0;**;1;2016-03-01 12:19:59;0
BK;6A;Fachschulabschluss;37;0;**;1;2016-03-01 12:20:44;1
BK;6A;Fachschulabschluss;36;0;**;1;2016-03-01 12:22:01;0
SB;6A;Fachschulabschluss;32;0;**;1;2016-03-01 12:23:40;1
GE;O;"Hauptschulabschluss nach Klasse 9 (Nur G8, mit Berechtigung zum Besuch der gymnasialen Oberstufe; § 43 Abs. 3 i.V.m. § 40 Abs. 4 S. 2 APO-SI)";0;0;09;1;2016-04-28 10:04:11;0
GE;V;Abschlusszeugnis des Bildungsgangs im Förderschwerpunkt Lernen (nur in G8 Bildungsgängen);0;0;09;1;2016-04-28 11:25:57;0
H;V;Abschlusszeugnis des Bildungsgangs im Förderschwerpunkt Lernen;0;0;1B;1;2013-06-05 09:15:12;0
H;M;Abschlusszeugnis der Förderschule, Förderschwerpunkt geistige Entwicklung;0;0;06;1;2013-06-05 09:16:15;0
H;M;Abschlusszeugnis der Förderschule, Förderschwerpunkt geistige Entwicklung;0;0;07;1;2013-06-05 09:16:25;0
H;M;Abschlusszeugnis der Förderschule, Förderschwerpunkt geistige Entwicklung;0;0;08;1;2013-06-05 09:16:37;0
H;M;Abschlusszeugnis der Förderschule, Förderschwerpunkt geistige Entwicklung;0;0;09;1;2013-06-05 09:16:50;0
H;M;Abschlusszeugnis der Förderschule, Förderschwerpunkt geistige Entwicklung;0;0;10;1;2013-06-05 09:17:18;0
H;M;Abschlusszeugnis der Förderschule, Förderschwerpunkt geistige Entwicklung;0;0;1A;1;2013-06-05 09:17:35;0
H;M;Abschlusszeugnis der Förderschule, Förderschwerpunkt geistige Entwicklung;0;0;1B;1;2013-06-05 09:17:58;0
V;V;Abschlusszeugnis des Bildungsgangs im Förderschwerpunkt Lernen;0;0;1A;1;2013-06-05 09:56:35;0
V;V;Abschlusszeugnis des Bildungsgangs im Förderschwerpunkt Lernen;0;0;1B;1;2013-06-05 09:56:45;0
V;M;Abschlusszeugnis der Förderschule, Förderschwerpunkt geistige Entwicklung;0;0;06;1;2013-06-05 10:22:21;0
V;M;Abschlusszeugnis der Förderschule, Förderschwerpunkt geistige Entwicklung;0;0;07;1;2013-06-05 10:22:29;0
V;M;Abschlusszeugnis der Förderschule, Förderschwerpunkt geistige Entwicklung;0;0;08;1;2013-06-05 10:22:37;0
V;M;Abschlusszeugnis der Förderschule, Förderschwerpunkt geistige Entwicklung;0;0;09;1;2013-06-05 10:22:51;0
V;M;Abschlusszeugnis der Förderschule, Förderschwerpunkt geistige Entwicklung;0;0;10;1;2013-06-05 10:22:59;0
V;M;Abschlusszeugnis der Förderschule, Förderschwerpunkt geistige Entwicklung;0;0;1A;1;2013-06-05 10:23:10;0
V;M;Abschlusszeugnis der Förderschule, Förderschwerpunkt geistige Entwicklung;0;0;1B;1;2013-06-05 10:23:26;0
R;V;Abschlusszeugnis des Bildungsgangs im Förderschwerpunkt Lernen;0;0;1A;1;2013-06-05 11:26:46;0
R;V;Abschlusszeugnis des Bildungsgangs im Förderschwerpunkt Lernen;0;0;1B;1;2013-06-05 11:26:59;0
R;M;Abschlusszeugnis der Förderschule, Förderschwerpunkt geistige Entwicklung;0;0;06;1;2013-06-05 11:27:44;0
R;M;Abschlusszeugnis der Förderschule, Förderschwerpunkt geistige Entwicklung;0;0;07;1;2013-06-05 11:27:54;0
R;M;Abschlusszeugnis der Förderschule, Förderschwerpunkt geistige Entwicklung;0;0;08;1;2013-06-05 11:28:01;0
R;M;Abschlusszeugnis der Förderschule, Förderschwerpunkt geistige Entwicklung;0;0;09;1;2013-06-05 11:28:19;0
R;M;Abschlusszeugnis der Förderschule, Förderschwerpunkt geistige Entwicklung;0;0;10;1;2013-06-05 11:28:25;0
R;M;Abschlusszeugnis der Förderschule, Förderschwerpunkt geistige Entwicklung;0;0;1A;1;2013-06-05 11:28:33;0
R;M;Abschlusszeugnis der Förderschule, Förderschwerpunkt geistige Entwicklung;0;0;1B;1;2013-06-05 11:29:00;0
R;I;Mittlerer Schulabschluss - Fachoberschulreife mit Berechtigung zum Besuch der Qualifikationsphase 1;0;0;10;1;2013-06-05 11:25:39;0
GY;H;Fachhochschulreife (schulischer Teil) (§ 40a APO-GOSt);0;0;Q1;1;2016-04-28 12:40:09;0
GE;V;Abschlusszeugnis des Bildungsgangs im Förderschwerpunkt Lernen (nur in G8 Bildungsgängen);0;0;EF;1;2016-04-28 11:26:20;0
GE;B;Hauptschulabschluss (ohne Berechtigung zum Besuch der Klasse 10, Typ B) (nur G8 Bildungsgänge mit Förderschwerpunkt Lernen);0;0;EF;1;2016-04-28 12:24:49;0
GE;A;Ohne Abschluss (nur für kürzlich zugewanderte Seiteneinsteiger, die nicht aus JG9 versetzt wurden);0;0;10;1;2017-07-28 07:01:24;0
BK;5A;Berufsabschluss (für Schüler, die bereits die Qualifikation des Hauptschulabschlusses der Klasse 10 oder einen höheren Abschluss erreicht hatten);10;0;**;1;2016-06-09 12:03:47;0
BK;5D;Berufsabschluss und ein dem Hauptschulabschluss nach Klasse 10 gleichwertiger Abschluss;16;0;**;1;2016-06-08 17:08:21;0
BK;5F;Berufsabschluss und Mittlerer Schulabschluss (Fachoberschulreife ohne Berechtigung zum Besuch der gymnasialen Oberstufe);16;0;**;1;2016-06-09 12:08:22;0
BK;0G;Mittlerer Schulabschluss (Fachoberschulreife mit Qualifikationsvermerk);11;0;**;1;2016-03-01 13:32:16;0
BK;5G;Berufsabschluss und Mittlerer Schulabschluss (Fachoberschulreife mit Berechtigung zum Besuch der gymnasialen Oberstufe);16;0;**;1;2016-06-08 17:09:52;0
BK;0A;Ohne Abschluss;1;0;**;1;2016-02-29 13:45:57;0
BK;9A;Schulwechsler, die im selben Bildungsgang verbleiben;1;0;**;1;2016-02-29 14:10:10;0
BK;0F;Mittlerer Schulabschluss (Fachoberschulreife ohne Qualifikationsvermerk);12;0;**;1;2016-03-01 13:31:47;0
BK;5D;Berufsabschluss und ein dem Hauptschulabschluss nach Klasse 10 gleichwertiger Abschluss;18;0;**;1;2016-06-08 17:08:41;0
BK;5F;Berufsabschluss und Mittlerer Schulabschluss (Fachoberschulreife ohne Berechtigung zum Besuch der gymnasialen Oberstufe);18;0;**;1;2016-06-09 12:15:17;0
BK;5G;Berufsabschluss und Mittlerer Schulabschluss (Fachoberschulreife mit Berechtigung zum Besuch der gymnasialen Oberstufe);18;0;**;1;2016-06-08 17:09:16;0
BK;5J;Berufsabschluss und Fachhochschulreife;27;0;**;1;2016-03-01 12:09:12;0
SB;0A;Ohne Abschluss;1;0;**;1;2016-02-29 14:13:39;0
SB;9A;Schulwechsler, die im selben Bildungsgang verbleiben;1;0;**;1;2016-02-29 14:34:37;0
SB;0D;Hauptschulabschluss nach Klasse 10;11;0;**;1;2016-02-29 15:43:30;1
BK;4D;Berufliche Kenntnisse, Fähigkeiten und Fertigkeiten und ein dem Hauptschulabschluss nach Klasse 10 gleichwertiger Abschluss (für G8 Schüler);21;0;**;1;2016-02-29 17:00:20;0
SB;4D;Berufliche Kenntnisse, Fähigkeiten und Fertigkeiten und ein dem Hauptschulabschluss nach Klasse 10 gleichwertiger Abschluss (für G8 Schüler);21;0;**;1;2016-02-29 17:03:10;0
BK;4G;Berufliche Kenntnisse, Fähigkeiten und Fertigkeiten und Mittlerer Schulabschluss nach Klasse 11 (für G8 Schüler);21;0;**;1;2016-02-29 17:06:53;0
SB;4G;Berufliche Kenntnisse, Fähigkeiten und Fertigkeiten und Mittlerer Schulabschluss nach Klasse 11 (für G8 Schüler);21;0;**;1;2016-02-29 17:07:58;0
BK;0D;Ein dem Hauptschulabschluss nach Klasse 10 gleichwertiger Abschluss (für G8 Schüler);19;0;**;1;2016-02-29 15:37:37;0
BK;0D;Ein dem Hauptschulabschluss nach Klasse 10 gleichwertiger Abschluss (für G8 Schüler);28;0;**;1;2016-02-29 14:55:49;0
BK;0D;Ein dem Hauptschulabschluss nach Klasse 10 gleichwertiger Abschluss (für G8 Schüler);22;0;**;1;2016-02-29 15:20:02;0
BK;0D;Ein dem Hauptschulabschluss nach Klasse 10 gleichwertiger Abschluss (für G8 Schüler);27;0;**;1;2016-02-29 14:54:49;0
BK;1G;Versetzungszeugnis der Klasse 11 FO und Mittlerer Schulabschluss nach Klasse 11 (für G8 Schüler);22;0;**;1;2016-02-29 16:50:57;1
SB;1G;Versetzungszeugnis der Klasse 11 FO und Mittlerer Schulabschluss nach Klasse 11 (für G8 Schüler);22;0;**;1;2016-02-29 16:51:31;1
BK;9A;Schulwechsler, die im selben Bildungsgang verbleiben;19;0;**;1;2016-02-29 14:13:18;0
SB;0A;Ohne Abschluss;15;0;**;1;2016-02-29 14:26:47;0
SB;0A;Ohne Abschluss;16;0;**;1;2016-02-29 14:27:05;0
GM;A;Ohne Abschluss (nur für kürzlich zugewanderte Seiteneinsteiger, die nicht aus JG9 versetzt wurden);0;0;10;1;2017-07-28 07:01:28;0
GM;M;Abschlusszeugnis der Förderschule, Förderschwerpunkt geistige Entwicklung;0;0;10;1;2017-05-02 11:30:11;0
GM;B;Hauptschulabschluss (ohne Berechtigung zum Besuch der Klasse 10, Typ B) (ohne weiteren Abschluss im Jahrgang 10);0;0;10;1;2017-05-02 11:53:42;0
GM;C;Hauptschulabschluss (mit Berechtigung zum Besuch der Klasse 10, Typ B) (ohne weiteren Abschluss im Jahrgang 10);0;0;10;1;2017-05-02 12:44:28;0
GM;D;Hauptschulabschluss nach Klasse 10;0;0;10;1;2017-05-02 11:54:29;0
GM;F;Mittlerer Schulabschluss (Fachoberschulreife) ohne Berechtigung zum Besuch der gymnasialen Oberstufe;0;0;10;1;2017-05-02 11:54:36;0
GM;G;Mittlerer Schulabschluss (Fachoberschulreife) mit Berechtigung zum Besuch der gymnasialen Oberstufe (Einführungsphase);0;0;10;1;2017-05-02 11:54:53;0
GM;I;Mittlerer Schulabschluss (Fachoberschulreife) mit Berechtigung zum Besuch der Qualifikationsphase 1;0;0;10;1;2017-05-02 11:55:04;0
GM;V;Abschlusszeugnis des Bildungsgangs im Förderschwerpunkt Lernen;0;0;10;1;2017-05-02 11:55:16;0
FW;G;Mittlerer Schulabschluss - Fachoberschulreife mit Berechtigung zum Besuch der gymnasialen Oberstufe (nur Hiberniakolleg);0;0;01;1;2013-06-06 09:04:42;0
FW;G;Mittlerer Schulabschluss - Fachoberschulreife mit Berechtigung zum Besuch der gymnasialen Oberstufe (nur Hiberniakolleg);0;0;02;1;2013-06-06 09:04:54;0
FW;G;Mittlerer Schulabschluss - Fachoberschulreife mit Berechtigung zum Besuch der gymnasialen Oberstufe (nur Hiberniakolleg);0;0;03;1;2013-06-06 09:05:14;0
FW;G;Mittlerer Schulabschluss - Fachoberschulreife mit Berechtigung zum Besuch der gymnasialen Oberstufe (nur Hiberniakolleg);0;0;04;1;2013-06-06 09:05:32;0
FW;H;Fachhochschulreife (schulischer Teil) (nur Hiberniakolleg);0;0;05;1;2013-06-06 09:07:45;0
FW;H;Fachhochschulreife (schulischer Teil) (nur Hiberniakolleg);0;0;06;1;2013-06-06 09:08:01;0
GY;M;Abschlusszeugnis der Förderschule, Förderschwerpunkt geistige Entwicklung;0;0;06;1;2013-06-06 10:00:10;0
GY;M;Abschlusszeugnis der Förderschule, Förderschwerpunkt geistige Entwicklung;0;0;07;1;2013-06-06 10:00:17;0
GY;M;Abschlusszeugnis der Förderschule, Förderschwerpunkt geistige Entwicklung;0;0;08;1;2013-06-06 10:00:25;0
GY;M;Abschlusszeugnis der Förderschule, Förderschwerpunkt geistige Entwicklung;0;0;09;1;2013-06-06 10:00:32;0
GY;M;Abschlusszeugnis der Förderschule, Förderschwerpunkt geistige Entwicklung;0;0;10;1;2013-06-06 10:00:44;0
GY;I;"Mittlerer Schulabschluss (Fachoberschulreife) (mit Berechtigung zum Besuch der Qualifikationsphase I bzw. mit Versetzungsvermerk; § 40 Abs. 2 APO-GOSt)";0;0;EF;1;2016-05-19 10:09:38;0
GE;A;Ohne Abschluss (zehnjährige Vollzeitschulpflicht erfüllt);0;0;06;1;2013-06-05 14:13:53;0
GE;A;Ohne Abschluss (zehnjährige Vollzeitschulpflicht erfüllt);0;0;07;1;2013-06-05 14:13:56;0
GE;A;Ohne Abschluss (zehnjährige Vollzeitschulpflicht erfüllt);0;0;08;1;2013-06-05 14:13:58;0
GE;A;Ohne Abschluss (zehnjährige Vollzeitschulpflicht erfüllt) (Nur sachgerecht bei Nichtversetzung. Mit Versetzung in den Jg. 10 wird gem. § 40 APO-SI der Hauptschulabschluss erworben);0;0;09;1;2019-05-09 11:03:56;0
GY;I;Mittlerer Schulabschluss (Fachoberschulreife) (mit Berechtigung zum Besuch der Qualifikationsphase I bzw. Zuerkennung bei Abwesenheit in EF, z.B. bei Auslandsjahr);0;0;Q1;1;2016-05-19 10:15:46;0
GY;I;Mittlerer Schulabschluss (Fachoberschulreife);0;0;Q2;1;2016-04-28 12:43:33;0
GY;O;"Hauptschulabschluss nach Klasse 9 vergleichbarer Abschluss (mit Berechtigung zum Besuch der gymnasialen Oberstufe; § 43 Abs. 3 i.V.m. § 40 Abs. 4 S. 2 APO-SI) (nur G8 Bildungsgänge)";0;0;09;1;2016-05-19 10:19:32;0
GY;O;"Hauptschulabschluss nach Klasse 9 (mit Berechtigung zum Besuch der gymnasialen Oberstufe; § 43 Abs. 3 i.V.m. § 40 Abs. 4 S. 2 APO-SI) (ohne weiteren Abschluss im Jahrgang EF)";0;0;EF;1;2016-04-28 12:47:57;0
GY;U;"Hauptschulabschluss nach Klasse 10 (mit Berechtigung zum Besuch der gymnasialen Oberstufe; § 41 Abs. 2 APO-SI i.V.m. § 40 Abs. 2 APO-GOSt)";0;0;EF;1;2016-04-28 12:49:13;0
BK;6J;Fachschulabschluss und Fachhochschulreife;37;0;**;1;2016-03-01 12:27:17;0
BK;6F;Fachschulabschluss und Mittlerer Schulabschluss;37;0;**;1;2016-03-02 12:44:50;0
BK;6A;Fachschulabschluss;34;0;**;1;2016-03-01 12:20:36;0
GY;V;Abschlusszeugnis des Bildungsgangs im Förderschwerpunkt Lernen (nur in G8 Bildungsgängen);0;0;09;1;2016-04-28 12:49:43;0
GY;B;Hauptschulabschluss (ohne Berechtigung zum Besuch der Klasse 10, Typ B) (nur G8 Bildungsgänge mit dem Förderschwerpunkt Lernen);0;0;EF;1;2016-04-28 12:34:40;0
GY;V;Abschlusszeugnis des Bildungsgangs im Förderschwerpunkt Lernen (nur in G8 Bildungsgängen);0;0;EF;1;2016-04-28 12:50:03;0
BK;1A;Abschlusszeugnis;33;0;**;1;2016-02-29 16:45:50;0
BK;1A;Abschlusszeugnis;34;0;**;1;2016-02-29 16:46:24;1
SB;0A;Ohne Abschluss;17;0;**;1;2016-02-29 14:27:23;0
SB;0A;Ohne Abschluss;18;0;**;1;2016-02-29 14:27:53;0
SB;0A;Ohne Abschluss;19;0;**;1;2016-02-29 14:28:08;1
SB;0A;Ohne Abschluss;20;0;**;1;2016-02-29 14:28:22;0
SB;0A;Ohne Abschluss;21;0;**;1;2016-02-29 14:28:27;0
PS;A;Ohne Abschluss (zehnjährige Vollzeitschulpflicht erfüllt);0;0;08;1;2017-05-02 13:56:30;0
SB;9A;Schulwechsler, die im selben Bildungsgang verbleiben;15;0;**;1;2016-02-29 14:35:54;0
SB;9A;Schulwechsler, die im selben Bildungsgang verbleiben;16;0;**;1;2016-02-29 14:36:02;0
SB;9A;Schulwechsler, die im selben Bildungsgang verbleiben;17;0;**;1;2016-02-29 14:36:09;0
SB;9A;Schulwechsler, die im selben Bildungsgang verbleiben;18;0;**;1;2016-02-29 14:36:25;0
SB;9A;Schulwechsler, die im selben Bildungsgang verbleiben;19;0;**;1;2016-02-29 14:36:32;0
SB;9A;Schulwechsler, die im selben Bildungsgang verbleiben;20;0;**;1;2016-02-29 14:36:35;0
SB;9A;Schulwechsler, die im selben Bildungsgang verbleiben;21;0;**;1;2016-02-29 14:36:42;0
SB;9A;Schulwechsler, die im selben Bildungsgang verbleiben;22;0;**;1;2016-02-29 14:36:54;0
SB;0A;Ohne Abschluss;22;0;**;1;2016-02-29 14:28:40;0
SB;3G;Berufsschulabschluss und Mittlerer Schulabschluss (Fachoberschulreife mit Berechtigung zum Besuch der gymnasialen Oberstufe);1;0;**;1;2016-06-08 17:12:47;1
SB;1B;Abschlusszeugnis (berufliche Kenntnisse, Fähigkeiten und Fertigkeiten) und ein dem Hauptschulabschluss gleichwertiger Abschluss;5;0;**;1;2016-06-08 17:14:14;1
SB;1S;Abschlusszeugnis und ein dem Hauptschulabschluss gleichwertiger Abschluss, ggfs. Berechtigung zum Besuch eines weiterführenden Bildungsgangs im Berufskolleg  (nur für Internationale  Förderklassen);5;0;**;1;2016-06-09 12:01:39;1
SB;1B;Abschlusszeugnis (berufliche Kenntnisse, Fähigkeiten und Fertigkeiten) und ein dem Hauptschulabschluss gleichwertiger Abschluss;6;0;**;1;2016-06-08 17:13:45;0
SB;4D;Berufliche Kenntnisse, Fähigkeiten und Fertigkeiten und ein dem Hauptschulabschluss nach Klasse 10 gleichwertiger Abschluss;14;0;**;1;2016-06-08 17:19:18;1
SB;4F;Berufliche Kenntnisse, Fähigkeiten und Fertigkeiten und Mittlerer Schulabschluss (Fachoberschulreife ohne Berechtigung zum Besuch der gymnasialen Oberstufe);15;0;**;1;2016-06-08 17:19:33;1
SB;4G;Berufliche Kenntnisse, Fähigkeiten und Fertigkeiten und Mittlerer Schulabschluss (Fachoberschulreife mit Berechtigung zum Besuch der gymnasialen Oberstufe);15;0;**;1;2016-06-08 17:20:04;1
SB;4J;Berufliche Kenntnisse, Fähigkeiten und Fertigkeiten und Fachhochschulreife;23;0;**;1;2016-02-29 17:12:52;1
SB;4H;Berufliche Kenntnisse, Fähigkeiten und Fertigkeiten und Fachhochschulreife (schulischer Teil);28;0;**;1;2016-02-29 17:10:23;1
SB;8D;Vertiefte berufliche Kenntnisse, Fähigkeiten und Fertigkeiten und ein dem Hauptschulabschluss nach Klasse 10 gleichwertiger Abschluss (für G8 Schüler);26;0;**;1;2016-03-01 12:29:24;1
SB;8G;Vertiefte berufliche Kenntnisse, Fähigkeiten und Fertigkeiten und Mittlerer Schulabschluss nach Klasse 11 (für G8 Schüler);26;0;**;1;2016-03-01 12:30:39;0
SB;8J;Vertiefte berufliche Kenntnisse, Fähigkeiten und Fertigkeiten und Fachhochschulreife;26;0;**;1;2016-03-01 12:31:04;1
SB;8D;Vertiefte berufliche Kenntnisse, Fähigkeiten und Fertigkeiten und ein dem Hauptschulabschluss nach Klasse 10 gleichwertiger Abschluss (für G8 Schüler);24;0;**;1;2016-03-01 12:29:08;0
SB;8D;Vertiefte berufliche Kenntnisse, Fähigkeiten und Fertigkeiten und ein dem Hauptschulabschluss nach Klasse 10 gleichwertiger Abschluss (für G8 Schüler);25;0;**;1;2016-03-01 12:29:10;0
SB;8G;Vertiefte berufliche Kenntnisse, Fähigkeiten und Fertigkeiten und Mittlerer Schulabschluss nach Klasse 11 (für G8 Schüler);24;0;**;1;2016-03-01 12:30:33;1
SB;8G;Vertiefte berufliche Kenntnisse, Fähigkeiten und Fertigkeiten und Mittlerer Schulabschluss nach Klasse 11 (für G8 Schüler);25;0;**;1;2016-03-01 12:30:36;0
SB;0A;Ohne Abschluss;5;0;**;1;2016-02-29 14:25:45;0
SB;0A;Ohne Abschluss;6;0;**;1;2016-02-29 14:25:57;0
SB;0A;Ohne Abschluss;10;0;**;1;2016-02-29 14:26:11;0
SB;9A;Schulwechsler, die im selben Bildungsgang verbleiben;3;0;**;1;2016-02-29 14:34:43;0
SB;9A;Schulwechsler, die im selben Bildungsgang verbleiben;5;0;**;1;2016-02-29 14:34:49;0
SB;9A;Schulwechsler, die im selben Bildungsgang verbleiben;6;0;**;1;2016-02-29 14:34:56;0
SB;9A;Schulwechsler, die im selben Bildungsgang verbleiben;10;0;**;1;2016-02-29 14:35:04;0
SB;4H;Berufliche Kenntnisse, Fähigkeiten und Fertigkeiten und Fachhochschulreife (schulischer Teil);27;0;**;1;2016-02-29 17:10:06;0
SB;4K;Berufliche Kenntnisse, Fähigkeiten und Fertigkeiten und Allgemeine Hochschulreife;27;0;**;1;2016-02-29 17:12:55;1
BK;0H;Fachhochschulreife (schulischer Teil);27;0;**;1;2016-02-29 16:27:10;1
BK;0A;Ohne Abschluss;20;0;**;1;2016-02-29 14:01:07;0
BK;0A;Ohne Abschluss;21;0;**;1;2016-02-29 14:04:40;1
BK;0A;Ohne Abschluss;22;0;**;1;2016-02-29 14:04:47;0
BK;0A;Ohne Abschluss;23;0;**;1;2016-02-29 14:04:53;0
BK;0A;Ohne Abschluss;24;0;**;1;2016-02-29 14:05:05;0
BK;0A;Ohne Abschluss;25;0;**;1;2016-02-29 14:05:34;0
BK;0A;Ohne Abschluss;26;0;**;1;2016-02-29 14:05:44;0
BK;0A;Ohne Abschluss;27;0;**;1;2016-02-29 14:05:51;0
BK;0A;Ohne Abschluss;28;0;**;1;2016-02-29 14:06:02;0
BK;0A;Ohne Abschluss;29;0;**;1;2016-02-29 14:06:10;0
BK;0A;Ohne Abschluss;30;0;**;1;2016-02-29 14:06:16;0
BK;0A;Ohne Abschluss;31;0;**;1;2016-02-29 14:06:22;0
BK;0A;Ohne Abschluss;32;0;**;1;2016-02-29 14:06:29;0
BK;0A;Ohne Abschluss;33;0;**;1;2016-02-29 14:06:33;0
BK;0A;Ohne Abschluss;34;0;**;1;2016-02-29 14:06:38;0
BK;0A;Ohne Abschluss;35;0;**;1;2016-02-29 14:06:45;0
BK;0A;Ohne Abschluss;36;0;**;1;2016-02-29 14:07:07;0
BK;0A;Ohne Abschluss;37;0;**;1;2016-02-29 14:06:58;0
BK;9A;Schulwechsler, die im selben Bildungsgang verbleiben;20;0;**;1;2016-02-29 14:18:34;0
BK;9A;Schulwechsler, die im selben Bildungsgang verbleiben;21;0;**;1;2016-02-29 14:18:36;0
BK;9A;Schulwechsler, die im selben Bildungsgang verbleiben;22;0;**;1;2016-02-29 14:18:37;0
BK;9A;Schulwechsler, die im selben Bildungsgang verbleiben;23;0;**;1;2016-02-29 14:18:39;0
BK;9A;Schulwechsler, die im selben Bildungsgang verbleiben;24;0;**;1;2016-02-29 14:18:41;0
BK;9A;Schulwechsler, die im selben Bildungsgang verbleiben;25;0;**;1;2016-02-29 14:18:42;0
BK;9A;Schulwechsler, die im selben Bildungsgang verbleiben;26;0;**;1;2016-02-29 14:18:45;0
BK;9A;Schulwechsler, die im selben Bildungsgang verbleiben;27;0;**;1;2016-02-29 14:18:47;0
BK;9A;Schulwechsler, die im selben Bildungsgang verbleiben;28;0;**;1;2016-02-29 14:18:49;0
BK;9A;Schulwechsler, die im selben Bildungsgang verbleiben;29;0;**;1;2016-02-29 14:18:51;0
BK;9A;Schulwechsler, die im selben Bildungsgang verbleiben;30;0;**;1;2016-02-29 14:18:53;0
BK;9A;Schulwechsler, die im selben Bildungsgang verbleiben;31;0;**;1;2016-02-29 14:18:54;0
BK;9A;Schulwechsler, die im selben Bildungsgang verbleiben;32;0;**;1;2016-02-29 14:18:57;0
BK;9A;Schulwechsler, die im selben Bildungsgang verbleiben;33;0;**;1;2016-02-29 14:18:59;0
BK;9A;Schulwechsler, die im selben Bildungsgang verbleiben;34;0;**;1;2016-02-29 14:19:01;0
BK;9A;Schulwechsler, die im selben Bildungsgang verbleiben;35;0;**;1;2016-02-29 14:19:03;0
BK;9A;Schulwechsler, die im selben Bildungsgang verbleiben;36;0;**;1;2016-02-29 14:19:05;1
GE;B;Hauptschulabschluss (ohne Berechtigung zum Besuch der Klasse 10, Typ B) (zehnjährige Vollzeitschulpflicht erfüllt);0;0;09;1;2013-06-05 14:17:20;0
SK;A;Ohne Abschluss (nur für kürzlich zugewanderte Seiteneinsteiger, die nicht aus JG9 versetzt wurden);0;0;10;1;2017-07-28 07:01:46;0
SK;A;Ohne Abschluss (nur für kürzlich zugewanderte Seiteneinsteiger, die nicht aus JG9 vesetzt wurden);0;0;1A;1;2017-07-28 07:15:21;0
SK;A;Ohne Abschluss (nur für kürzlich zugewanderte Seiteneinsteiger, die nicht aus JG9 vesetzt wurden);0;0;1B;1;2017-07-28 07:15:43;0
SK;A;Ohne Abschluss (zehnjährige Vollzeitschulpflicht erfüllt);0;0;06;1;2013-06-05 13:15:38;0
SK;A;Ohne Abschluss (zehnjährige Vollzeitschulpflicht erfüllt);0;0;07;1;2013-06-05 13:15:41;0
SK;A;Ohne Abschluss (zehnjährige Vollzeitschulpflicht erfüllt);0;0;08;1;2013-06-05 13:15:44;0
SK;A;Ohne Abschluss (zehnjährige Vollzeitschulpflicht erfüllt);0;0;09;1;2013-06-05 13:15:46;0
SK;B;Hauptschulabschluss (ohne Berechtigung zum Besuch der Klasse 10, Typ B) (zehnjährige Vollzeitschulpflicht erfüllt);0;0;09;1;2013-06-05 13:15:49;0
SK;B;Hauptschulabschluss (ohne Berechtigung zum Besuch der Klasse 10, Typ B);0;0;10;1;2013-06-05 13:15:52;0
SK;B;Hauptschulabschluss (ohne Berechtigung zum Besuch der Klasse 10, Typ B);0;0;1A;1;2013-06-05 13:15:54;0
SK;C;Hauptschulabschluss (mit Berechtigung zum Besuch der Klasse 10, Typ B) (zehnjährige Vollzeitschulpflicht erfüllt);0;0;09;1;2013-06-05 13:15:58;0
SK;C;Hauptschulabschluss (mit Berechtigung zum Besuch der Klasse 10, Typ B);0;0;10;1;2013-06-05 13:16:00;0
SK;C;Hauptschulabschluss (mit Berechtigung zum Besuch der Klasse 10, Typ B) (ohne weiteren Abschluss im Jahrgang 10);0;0;1B;1;2013-06-05 13:16:03;0
SK;D;Hauptschulabschluss nach Klasse 10;0;0;10;1;2013-06-05 13:16:06;0
SK;D;Hauptschulabschluss nach Klasse 10;0;0;1A;1;2013-06-05 13:16:09;0
SK;D;Hauptschulabschluss nach Klasse 10;0;0;1B;1;2013-06-05 13:16:11;0
SK;F;Mittlerer Schulabschluss - Fachoberschulreife ohne Berechtigung zum Besuch der gymnasialen Oberstufe;0;0;10;1;2013-06-05 13:16:19;0
SK;F;Mittlerer Schulabschluss - Fachoberschulreife ohne Berechtigung zum Besuch der gymnasialen Oberstufe;0;0;1B;1;2013-06-05 13:16:22;0
SK;G;Mittlerer Schulabschluss - Fachoberschulreife mit Berechtigung zum Besuch der gymnasialen Oberstufe (Einführungsphase);0;0;10;1;2013-06-05 13:16:24;0
SK;G;Mittlerer Schulabschluss - Fachoberschulreife mit Berechtigung zum Besuch der gymnasialen Oberstufe;0;0;1B;1;2013-06-05 13:16:27;0
SK;I;Mittlerer Schulabschluss - Fachoberschulreife mit Berechtigung zum Besuch der Qualifikationsphase 1;0;0;10;1;2013-06-05 13:16:30;0
SK;M;Abschlusszeugnis der Förderschule, Förderschwerpunkt geistige Entwicklung;0;0;06;1;2013-06-05 13:16:32;0
SK;M;Abschlusszeugnis der Förderschule, Förderschwerpunkt geistige Entwicklung;0;0;07;1;2013-06-05 13:16:36;0
SK;M;Abschlusszeugnis der Förderschule, Förderschwerpunkt geistige Entwicklung;0;0;08;1;2013-06-05 13:16:38;0
SK;M;Abschlusszeugnis der Förderschule, Förderschwerpunkt geistige Entwicklung;0;0;09;1;2013-06-05 13:16:41;0
SK;M;Abschlusszeugnis der Förderschule, Förderschwerpunkt geistige Entwicklung;0;0;10;1;2013-06-05 13:16:44;0
SK;M;Abschlusszeugnis der Förderschule, Förderschwerpunkt geistige Entwicklung;0;0;1A;1;2013-06-05 13:16:47;0
SK;M;Abschlusszeugnis der Förderschule, Förderschwerpunkt geistige Entwicklung;0;0;1B;1;2013-06-05 13:16:50;0
SK;V;Abschlusszeugnis des Bildungsgangs im Förderschwerpunkt Lernen;0;0;10;1;2013-06-05 13:17:09;0
SK;V;Abschlusszeugnis des Bildungsgangs im Förderschwerpunkt Lernen;0;0;1A;1;2013-06-05 13:17:12;0
SK;V;Abschlusszeugnis des Bildungsgangs im Förderschwerpunkt Lernen;0;0;1B;1;2013-06-05 13:17:18;0
GE;C;Hauptschulabschluss (mit Berechtigung zum Besuch der Klasse 10, Typ B) (ohne weiteren Abschluss im Jahrgang 10);0;0;10;1;2013-06-05 15:36:01;0
GE;D;Hauptschulabschluss nach Klasse 10;0;0;10;1;2006-06-08 12:12:25;0
GE;F;Mittlerer Schulabschluss (Fachoberschulreife) ohne Berechtigung zum Besuch der gymnasialen Oberstufe;0;0;10;1;2016-04-28 09:57:00;0
GE;G;Mittlerer Schulabschluss (Fachoberschulreife) mit Berechtigung zum Besuch der gymnasialen Oberstufe (Einführungsphase);0;0;10;1;2016-04-28 09:56:45;0
GE;V;Abschlusszeugnis des Bildungsgangs im Förderschwerpunkt Lernen;0;0;10;1;2013-06-05 16:08:25;0
GE;B;Hauptschulabschluss (ohne Berechtigung zum Besuch der Klasse 10, Typ B) (ohne weiteren Abschluss im Jahrgang 10);0;0;10;1;2016-05-19 09:45:11;0
GE;G;"Mittlerer Schulabschluss (Fachoberschulreife) (mit Berechtigung zum Besuch der gymnasialen Oberstufe bzw. ohne Versetzungsvermerk; § 40 Abs. 2 APO-GOSt)";0;0;EF;1;2016-05-19 09:51:29;0
GE;H;Fachhochschulreife (schulischer Teil) (§ 40a APO-GOSt);0;0;Q1;1;2016-04-28 09:42:24;0
GE;C;Hauptschulabschluss (mit Berechtigung zum Besuch der Klasse 10, Typ B) (Nur G9, zehnjährige Vollzeitschulpflicht erfüllt);0;0;09;1;2016-04-28 09:55:38;0
GE;H;Fachhochschulreife (schulischer Teil);0;0;Q2;1;2016-04-28 09:56:00;0
GM;A;Ohne Abschluss (zehnjährige Vollzeitschulpflicht erfüllt);0;0;07;1;2014-04-04 12:23:55;0
GE;I;Mittlerer Schulabschluss (Fachoberschulreife) mit Berechtigung zum Besuch der Qualifikationsphase 1;0;0;10;1;2016-04-28 09:58:34;0
GE;I;"Mittlerer Schulabschluss (Fachoberschulreife) (mit Berechtigung zum Besuch der Qualifikationsphase I bzw. mit Versetzungsvermerk; § 40 Abs. 2 APO-GOSt)";0;0;EF;1;2016-05-19 09:53:39;0
GE;I;Mittlerer Schulabschluss (Fachoberschulreife) (mit Berechtigung zum Besuch der Qualifikationsphase I bzw. Zuerkennung bei Abwesenheit in EF, z.B. bei Auslandsjahr);0;0;Q1;1;2017-05-02 11:24:07;0
GE;I;Mittlerer Schulabschluss (Fachoberschulreife);0;0;Q2;1;2016-04-28 10:01:46;0
GE;K;Abitur (allgemeine Hochschulreife);0;0;Q2;1;2013-06-05 16:03:53;0
GE;M;Abschlusszeugnis der Förderschule, Förderschwerpunkt geistige Entwicklung;0;0;06;1;2013-06-05 16:05:09;0
GE;M;Abschlusszeugnis der Förderschule, Förderschwerpunkt geistige Entwicklung;0;0;07;1;2013-06-05 16:05:16;0
GE;M;Abschlusszeugnis der Förderschule, Förderschwerpunkt geistige Entwicklung;0;0;08;1;2013-06-05 16:05:24;0
GE;M;Abschlusszeugnis der Förderschule, Förderschwerpunkt geistige Entwicklung;0;0;09;1;2013-06-05 16:05:30;0
GE;M;Abschlusszeugnis der Förderschule, Förderschwerpunkt geistige Entwicklung;0;0;10;1;2013-06-05 16:06:07;0
GE;O;"Hauptschulabschluss nach Klasse 9 (mit Berechtigung zum Besuch der gymnasialen Oberstufe; § 43 Abs. 3 i.V.m. § 40 Abs. 4 S. 2 APO-SI) (ohne weiteren Abschluss in EF)";0;0;EF;1;2016-05-19 09:50:27;0
GE;U;"Hauptschulabschluss nach Klasse 10 (mit Berechtigung zum Besuch der gymnasialen Oberstufe; § 41 Abs. 2 APO-SI i.V.m. § 40 Abs. 2 APO-GOSt)";0;0;EF;1;2016-04-28 11:08:05;0
GM;A;Ohne Abschluss (zehnjährige Vollzeitschulpflicht erfüllt);0;0;06;1;2013-06-06 08:43:26;0
GM;M;Abschlusszeugnis der Förderschule, Förderschwerpunkt geistige Entwicklung;0;0;06;1;2013-06-06 08:44:11;0
GM;M;Abschlusszeugnis der Förderschule, Förderschwerpunkt geistige Entwicklung;0;0;07;1;2014-04-04 12:24:14;0
GM;A;Ohne Abschluss (nur für kürzlich zugewanderte Seiteneinsteiger, die nicht aus JG9 versetzt wurden);0;0;1A;1;2019-05-09 09:04:57;0
GM;B;Hauptschulabschluss (ohne Berechtigung zum Besuch der Klasse 10, Typ B) (ohne weiteren Abschluss im Jahrgang 10);0;0;1A;1;2019-05-09 09:14:32;0
GM;D;Hauptschulabschluss nach Klasse 10;0;0;1A;1;2019-05-09 09:10:44;0
GM;A;Ohne Abschluss (nur für kürzlich zugewanderte Seiteneinsteiger, die nicht aus JG9 versetzt wurden);0;0;1B;1;2019-05-09 09:11:10;0
GM;C;Hauptschulabschluss (mit Berechtigung zum Besuch der Klasse 10, Typ B) (ohne weiteren Abschluss im Jahrgang 10);0;0;1B;1;2019-05-09 09:14:49;0
GM;D;Hauptschulabschluss nach Klasse 10;0;0;1B;1;2019-05-09 09:11:49;0
GM;F;Mittlerer Schulabschluss - Fachoberschulreife ohne Berechtigung zum Besuch der gymnasialen Oberstufe;0;0;1B;1;2019-05-09 09:12:11;0
GM;G;Mittlerer Schulabschluss - Fachoberschulreife mit Berechtigung zum Besuch der gymnasialen Oberstufe;0;0;1B;1;2019-05-09 09:12:32;0
GM;O;"Hauptschulabschluss nach Klasse 9 (mit Berechtigung zum Besuch der gymnasialen Oberstufe; § 43 Abs. 3 i.V.m. § 40 Abs. 4 S. 2 APO-SI) (ohne weiteren Abschluss in EF)";0;0;EF;1;2019-05-09 09:15:48;0
GM;U;"Hauptschulabschluss nach Klasse 10 (mit Berechtigung zum Besuch der gymnasialen Oberstufe; § 41 Abs. 2 APO-SI i.V.m. § 40 Abs. 2 APO-GOSt)";0;0;EF;1;2019-05-09 09:16:08;0
GM;G;"Mittlerer Schulabschluss (Fachoberschulreife) (mit Berechtigung zum Besuch der gymnasialen Oberstufe bzw. ohne Versetzungsvermerk; § 40 Abs. 2 APO-GOSt)";0;0;EF;1;2019-05-09 09:16:25;0
GM;I;"Mittlerer Schulabschluss (Fachoberschulreife) (mit Berechtigung zum Besuch der Qualifikationsphase I bzw. mit Versetzungsvermerk; § 40 Abs. 2 APO-GOSt)";0;0;EF;1;2019-05-09 09:16:45;0
GM;I;Mittlerer Schulabschluss (Fachoberschulreife) (mit Berechtigung zum Besuch der Qualifikationsphase I bzw. Zuerkennung bei Abwesenheit in EF,z.B. bei Auslandsjahr);0;0;Q1;1;2019-05-09 09:17:25;0
GM;H;Fachhochschulreife (schulischer Teil) (§ 40a APO-GOSt);0;0;Q1;1;2019-05-09 09:18:33;0
GM;V;Abschlusszeugnis des Bildungsgangs im Förderschwerpunkt Lernen;0;0;1A;1;2019-05-09 09:19:26;0
GM;V;Abschlusszeugnis des Bildungsgangs im Förderschwerpunkt Lernen;0;0;1B;1;2019-05-09 09:20:09;0
GM;M;Abschlusszeugnis der Förderschule, Förderschwerpunkt geistige Entwicklung;0;0;1A;1;2019-05-09 09:20:40;0
GM;M;Abschlusszeugnis der Förderschule, Förderschwerpunkt geistige Entwicklung;0;0;1B;1;2019-05-09 09:22:41;0
PS;M;Abschlusszeugnis der Förderschule, Förderschwerpunkt geistige Entwicklung;0;0;08;1;2017-05-02 13:56:55;0
PS;A;Ohne Abschluss (zehnjährige Vollzeitschulpflicht erfüllt) (Nur sachgerecht bei Nichtversetzung. Mit Versetzung in den Jg. 10 wird gem. § 40 APO-SI der Hauptschulabschluss erworben);0;0;09;1;2019-05-09 11:04:23;0
PS;B;Hauptschulabschluss (ohne Berechtigung zum Besuch der Klasse 10, Typ B) (zehnjährige Vollzeitschulpflicht erfüllt);0;0;09;1;2018-04-24 08:58:35;0
PS;C;Hauptschulabschluss (mit Berechtigung zum Besuch der Klasse 10, Typ B) (zehnjährige Vollzeitschulpflicht erfüllt);0;0;09;1;2018-04-24 08:58:23;0
PS;M;Abschlusszeugnis der Förderschule, Förderschwerpunkt geistige Entwicklung;0;0;09;1;2018-04-19 08:13:11;0
PS;A;Ohne Abschluss (zehnjährige Vollzeitschulpflicht erfüllt);0;0;06;1;2015-04-02 10:20:47;0
PS;A;Ohne Abschluss (nur für kürzlich zugewanderte Seiteneinsteiger, die nicht aus JG9 versetzt wurden);0;0;10;1;2019-05-09 10:38:12;0
PS;C;Hauptschulabschluss (mit Berechtigung zum Besuch der Klasse 10, Typ B) (ohne weiteren Abschluss im Jahrgang 10);0;0;10;1;2019-05-09 10:39:23;0
PS;D;Hauptschulabschluss nach Klasse 10;0;0;10;1;2019-05-09 10:39:51;0
PS;F;Mittlerer Schulabschluss (Fachoberschulreife) ohne Berechtigung zum Besuch der gymnasialen Oberstufe;0;0;10;1;2019-05-09 10:40:11;0
PS;G;Mittlerer Schulabschluss (Fachoberschulreife) mit Berechtigung zum Besuch der gymnasialen Oberstufe (Einführungsphase);0;0;10;1;2019-05-09 10:41:11;0
PS;I;Mittlerer Schulabschluss (Fachoberschulreife) mit Berechtigung zum Besuch der Qualifikationsphase I;0;0;10;1;2019-05-09 10:41:39;0
PS;B;Hauptschulabschluss (ohne Berechtigung zum Besuch der Klasse 10, Typ B);0;0;10;1;2019-05-09 10:42:27;0
PS;V;Abschlusszeugnis des Bildungsgangs im Förderschwerpunkt Lernen;0;0;10;1;2019-05-09 10:42:51;0
PS;M;Abschlusszeugnis der Förderschule, Förderschwerpunkt geistige Entwicklung;0;0;10;1;2019-05-09 10:43:45;0
H;B;Hauptschulabschluss (ohne Berechtigung zum Besuch der Klasse 10, Typ B);0;0;1B;1;2020-06-04 16:04:43;0
GM;I;Mittlerer Schulabschluss (Fachoberschulreife);0;0;Q2;1;2019-05-09 09:17:25;0
GM;H;Fachhochschulreife (schulischer Teil);0;0;Q2;1;2019-05-09 09:18:33;0
GM;K;Abitur (allgemeine Hochschulreife);0;0;Q2;1;2019-05-09 09:18:33;0
GM;B;Hauptschulabschluss (ohne Berechtigung zum Besuch der Klasse 10, Typ B) (ohne weiteren Abschluss im Jahrgang 10);0;0;1B;1;2019-05-09 09:14:32;0
SK;B;Hauptschulabschluss (ohne Berechtigung zum Besuch der Klasse 10, Typ B);0;0;1B;1;2020-06-05 13:17:18;0
