SNR;SGL;FSP;gueltigVon;gueltigBis
100010;G01;  ;;
100011;   ;EZ;;
100011;   ;LB;;
100011;   ;SB;;
100015;G8A;  ;;
100015;GY9;  ;;
100016;   ;LB;;
100016;   ;SB;;
100016;   ;EZ;;
100016;   ;GB;;
100018;   ;EZ;;
100018;   ;GB;;
100018;   ;LB;;
100019;SSI;  ;;
100019;   ;EZ;;
100019;   ;LB;;
100019;   ;SB;;
100021;   ;EZ;;
100021;   ;LB;;
100021;   ;SB;;
100021;SRH;  ;;
100022;HA ;  ;;
100022;RA ;  ;;
100022;ST ;  ;;
100022;ST ;EZ;;
100022;ST ;LB;;
100022;ST ;SB;;
100023;   ;EZ;;
100023;   ;LB;;
100023;   ;SB;;
100024;   ;LB;;
100024;   ;SB;;
100024;   ;EZ;;
100024;SRH;  ;;
100027;   ;EZ;;
100028;   ;LB;;
100028;   ;SB;;
100028;   ;EZ;;
100030;   ;LB;;
100036;   ;LB;;
100036;   ;SB;;
100036;   ;EZ;;
100036;   ;GB;;
100036;   ;KB;;
100036;   ;GH;;
100036;   ;SG;;
100036;   ;SH;;
100036;   ;BL;;
100040;GY9;  ;;
100040;G8A;  ;;
100041;   ;LB;;
100041;   ;SB;;
100041;   ;EZ;;
100041;   ;GB;;
100041;   ;KB;;
100041;   ;GH;;
100041;   ;SG;;
100041;   ;SH;;
100041;   ;BL;;
100042;   ;EZ;;
100042;   ;LB;;
100042;   ;SB;;
100044;   ;LB;;
100044;   ;SB;;
100044;   ;EZ;;
100046;ST ;LB;;
100046;ST ;SB;;
100046;ST ;EZ;;
100046;ST ;  ;;
100047;ST ;  ;;
100047;ST ;EZ;;
100047;ST ;LB;;
100047;ST ;SB;;
100048;GGS;  ;;
100051;SRH;  ;;
100051;   ;EZ;;
100051;   ;LB;;
100051;   ;SB;;
100052;SRH;  ;;
100052;   ;EZ;;
100052;   ;LB;;
100052;   ;SB;;
100053;ST ;EZ;;
100053;ST ;LB;;
100053;ST ;SB;;
100053;ST ;  ;;
100057;   ;KR;;
100058;G02;  ;;
100058;R02;  ;;
100062;   ;KR;;
100063;   ;EZ;;
100063;   ;LB;;
100063;   ;SB;;
100066;   ;EZ;;
100066;   ;SB;;
100066;   ;LB;;
100068;   ;LB;;
100068;   ;SB;;
100068;   ;EZ;;
100068;   ;KB;;
100068;   ;GH;;
100068;   ;SG;;
100068;   ;SH;;
100068;   ;BL;;
100069;   ;EZ;;
100069;   ;LB;;
100069;   ;SB;;
100071;   ;LB;;
100071;   ;SB;;
100071;   ;EZ;;
100071;   ;GB;;
100071;   ;KB;;
100071;   ;GH;;
100071;   ;SG;;
100071;   ;SH;;
100071;   ;BL;;
100074;   ;SB;;
100074;   ;LB;;
100075;   ;EZ;;
100081;   ;LB;;
100081;   ;EZ;;
101023;RKB;  ;;
102003;GMS;  ;;
103536;GMS;  ;;
105170;GMS;  ;;
106392;RKB;  ;;
106574;GMS;  ;;
106860;RKB;  ;;
107608;RKB;  ;;
107827;RKB;  ;;
108340;RKB;  ;;
108765;RKB;  ;;
109125;RKB;  ;;
109472;RKB;  ;;
110188;RKB;  ;;
110383;RKB;  ;;
111820;GMS;  ;;
112562;RKB;  ;;
112616;RKB;  ;;
113475;GMS;  ;;
114121;RKB;  ;;
114352;RKB;  ;;
114900;GMS;  ;;
114935;EVB;  ;;
114996;GMS;  ;;
116701;RKB;  ;;
116737;RKB;  ;;
117213;GMS;  ;;
117444;RKB;  ;;
117638;GMS;  ;;
117640;GMS;  ;;
117687;RKB;  ;;
117754;RKB;  ;;
117778;RKB;  ;;
117961;EVB;  ;;
118114;GMS;  ;;
118527;GMS;  ;;
120029;RKB;  ;;
120054;RKB;  ;;
121241;GMS;  ;;
122221;RKB;  ;;
122385;GMS;  ;;
122580;RKB;  ;;
122816;RKB;  ;;
123067;RKB;  ;;
123640;EVB;  ;;
124199;EVB;  ;;
126871;EVB;  ;;
127024;EVB;  ;;
127139;EVB;  ;;
127164;GMS;  ;;
127218;EVB;  ;;
127620;GMS;  ;;
127693;RKB;  ;;
128375;GMS;  ;;
128417;RKB;  ;;
130229;RKB;  ;;
131817;RKB;  ;;
132093;GMS;  ;;
132226;GMS;  ;;
132640;GMS;  ;;
133875;RKB;  ;;
133899;RKB;  ;;
134028;GMS;  ;;
134260;GMS;  ;;
134296;GMS;  ;;
134387;RKB;  ;;
134600;GMS;  ;;
135100;EVB;  ;;
135434;GMS;  ;;
135537;EVB;  ;;
135630;RKB;  ;;
136281;   ;EZ;;
136281;   ;SB;;
136281;   ;LB;;
136323;   ;LB;;
136323;   ;SB;;
136323;   ;EZ;;
136359;   ;LB;;
136359;   ;SB;;
136359;   ;EZ;;
136384;   ;LB;;
136384;   ;SB;;
136384;   ;EZ;;
136440;   ;LB;;
136440;   ;SB;;
136440;   ;EZ;;
136505;   ;LB;;
136505;   ;SB;;
136505;   ;EZ;;
136566;   ;LB;;
136566;   ;SB;;
136566;   ;EZ;;
136967;   ;LB;;
136967;   ;SB;;
136967;   ;EZ;;
136980;   ;LB;;
136980;   ;SB;;
136980;   ;EZ;;
137364;   ;LB;;
137364;   ;SB;;
137364;   ;EZ;;
137674;   ;LB;;
137674;   ;SB;;
137674;   ;EZ;;
137674;   ;GB;;
137674;   ;GH;;
137674;   ;SG;;
137716;   ;LB;;
137716;   ;SB;;
137716;   ;EZ;;
137728;   ;LB;;
137728;   ;SB;;
137728;   ;EZ;;
137807;   ;LB;;
137807;   ;SB;;
137807;   ;EZ;;
137947;   ;LB;;
137947;   ;SB;;
137947;   ;EZ;;
138344;   ;LB;;
138344;   ;SB;;
138344;   ;EZ;;
138368;   ;LB;;
138368;   ;SB;;
138368;   ;EZ;;
138393;   ;LB;;
138393;   ;SB;;
138393;   ;EZ;;
138629;   ;LB;;
138629;   ;SB;;
138629;   ;EZ;;
138680;   ;LB;;
138680;   ;SB;;
138680;   ;EZ;;
138708;   ;LB;;
138708;   ;SB;;
138708;   ;EZ;;
139166;   ;LB;;
139166;   ;SB;;
139166;   ;EZ;;
139518;   ;LB;;
139518;   ;SB;;
139518;   ;EZ;;
139671;   ;LB;;
139671;   ;SB;;
139671;   ;EZ;;
139701;   ;LB;;
139701;   ;SB;;
139701;   ;EZ;;
139828;   ;LB;;
139828;   ;SB;;
139828;   ;EZ;;
139993;   ;LB;;
139993;   ;SB;;
139993;   ;EZ;;
140272;   ;LB;;
140272;   ;SB;;
140272;   ;EZ;;
140387;   ;LB;;
140387;   ;SB;;
140387;   ;EZ;;
140387;   ;GB;;
140387;   ;KB;;
140387;   ;GH;;
140387;   ;SG;;
140387;   ;SH;;
140387;   ;BL;;
140478;   ;LB;;
140478;   ;SB;;
140478;   ;EZ;;
140478;   ;GB;;
140478;   ;KB;;
140478;   ;GH;;
140478;   ;SG;;
140545;   ;LB;;
140545;   ;SB;;
140545;   ;EZ;;
140545;   ;GB;;
140545;   ;KB;;
140545;   ;GH;;
140545;   ;SG;;
140545;   ;SH;;
140545;   ;BL;;
140594;   ;LB;;
140594;   ;SB;;
140594;   ;EZ;;
140594;   ;GB;;
140594;   ;KB;;
140594;   ;GH;;
140594;   ;SG;;
140594;   ;SH;;
140594;   ;BL;;
140673;   ;LB;;
140673;   ;SB;;
140673;   ;EZ;;
140673;   ;GB;;
140673;   ;KB;;
140673;   ;GH;;
140673;   ;SG;;
140673;   ;SH;;
140673;   ;BL;;
140685;   ;LB;;
140685;   ;SB;;
140685;   ;EZ;;
140685;   ;GB;;
140685;   ;KB;;
140685;   ;GH;;
140685;   ;SG;;
140685;   ;SH;;
140685;   ;BL;;
140843;   ;LB;;
140843;   ;SB;;
140843;   ;EZ;;
140843;   ;KB;;
140843;   ;GH;;
140843;   ;SG;;
140843;   ;SH;;
140843;   ;BL;;
140867;   ;LB;;
140867;   ;SB;;
140867;   ;EZ;;
140867;   ;KB;;
140867;   ;GH;;
140867;   ;SG;;
140867;   ;SH;;
140867;   ;BL;;
140879;   ;LB;;
140879;   ;SB;;
140879;   ;EZ;;
140879;   ;KB;;
140879;   ;GH;;
140879;   ;SG;;
140879;   ;SH;;
140879;   ;BL;;
140892;   ;LB;;
140892;   ;SB;;
140892;   ;EZ;;
140892;   ;KB;;
140892;   ;GH;;
140892;   ;SG;;
140892;   ;SH;;
140892;   ;BL;;
140909;   ;LB;;
140909;   ;SB;;
140909;   ;EZ;;
140909;   ;KB;;
140909;   ;GH;;
140909;   ;SG;;
140909;   ;SH;;
140909;   ;BL;;
140960;   ;LB;;
140960;   ;SB;;
140960;   ;EZ;;
140960;   ;KB;;
140960;   ;GH;;
140960;   ;SG;;
140960;   ;SH;;
140960;   ;BL;;
141021;   ;LB;;
141021;   ;SB;;
141021;   ;EZ;;
141021;   ;KB;;
141021;   ;GH;;
141021;   ;SG;;
141021;   ;SH;;
141021;   ;BL;;
141070;   ;LB;;
141070;   ;SB;;
141070;   ;EZ;;
141070;   ;KB;;
141070;   ;GH;;
141070;   ;SG;;
141070;   ;SH;;
141070;   ;BL;;
141082;   ;LB;;
141082;   ;SB;;
141082;   ;EZ;;
141082;   ;KB;;
141082;   ;GH;;
141082;   ;SG;;
141082;   ;SH;;
141082;   ;BL;;
141161;   ;EZ;;
141161;   ;LB;;
141161;   ;SB;;
141161;   ;GB;;
141161;   ;KB;;
141173;   ;EZ;;
141173;   ;LB;;
141173;   ;SB;;
141173;   ;GB;;
141173;   ;KB;;
141240;   ;EZ;;
141240;   ;LB;;
141240;   ;SB;;
141240;   ;GB;;
141240;   ;KB;;
141252;   ;EZ;;
141252;   ;LB;;
141252;   ;SB;;
141252;   ;GB;;
141252;   ;KB;;
141276;   ;EZ;;
141276;   ;LB;;
141276;   ;SB;;
141276;   ;GB;;
141276;   ;KB;;
141331;   ;LB;;
141331;   ;SB;;
141331;   ;EZ;;
141367;   ;LB;;
141367;   ;SB;;
141367;   ;EZ;;
141392;   ;LB;;
141392;   ;SB;;
141392;   ;EZ;;
141483;   ;EZ;;
141483;   ;LB;;
141483;   ;SB;;
141483;   ;GB;;
141483;   ;KB;;
141513;   ;EZ;;
141513;   ;LB;;
141513;   ;SB;;
141513;   ;GB;;
141513;   ;KB;;
141549;   ;EZ;;
141549;   ;LB;;
141549;   ;SB;;
141549;   ;GB;;
141549;   ;KB;;
141628;   ;EZ;;
141628;   ;LB;;
141628;   ;SB;;
141628;   ;GB;;
141628;   ;KB;;
141665;   ;LB;;
141665;   ;SB;;
141665;   ;EZ;;
141665;   ;GB;;
141665;   ;KB;;
141665;   ;GH;;
141665;   ;SG;;
141665;   ;SH;;
141665;   ;BL;;
141847;   ;LB;;
141847;   ;SB;;
141847;   ;EZ;;
141847;   ;GB;;
141847;   ;KB;;
141847;   ;GH;;
141847;   ;SG;;
141847;   ;SH;;
141847;   ;BL;;
141860;   ;LB;;
141860;   ;SB;;
141860;   ;EZ;;
141860;   ;KB;;
141860;   ;GH;;
141860;   ;SG;;
141860;   ;SH;;
141860;   ;BL;;
141872;   ;LB;;
141872;   ;SB;;
141872;   ;EZ;;
141872;   ;KB;;
141872;   ;GH;;
141872;   ;SG;;
141872;   ;SH;;
141872;   ;BL;;
141902;   ;LB;;
141902;   ;SB;;
141902;   ;EZ;;
141902;   ;GB;;
141902;   ;KB;;
141902;   ;GH;;
141902;   ;SG;;
141902;   ;SH;;
141902;   ;BL;;
141914;   ;LB;;
141914;   ;SB;;
141914;   ;EZ;;
141914;   ;GB;;
141914;   ;KB;;
141914;   ;GH;;
141914;   ;SG;;
141914;   ;SH;;
141914;   ;BL;;
142025;   ;EZ;;
142025;   ;LB;;
142025;   ;SB;;
142177;   ;EZ;;
142177;   ;LB;;
142177;   ;SB;;
142268;   ;EZ;;
142268;   ;LB;;
142268;   ;SB;;
142359;   ;LB;;
142359;   ;SB;;
142359;   ;EZ;;
142426;   ;LB;;
142426;   ;SB;;
142426;   ;EZ;;
142529;   ;LB;;
142529;   ;SB;;
142529;   ;EZ;;
142529;   ;KB;;
142797;   ;LB;;
142797;   ;SB;;
142797;   ;EZ;;
142797;   ;GB;;
142797;   ;GH;;
142797;   ;SG;;
142797;   ;SH;;
142797;   ;BL;;
142827;   ;LB;;
142827;   ;SB;;
142827;   ;EZ;;
142827;   ;GB;;
142827;   ;KB;;
142827;   ;GH;;
142827;   ;SG;;
142827;   ;SH;;
142827;   ;BL;;
142839;   ;LB;;
142839;   ;SB;;
142839;   ;EZ;;
142839;   ;GB;;
142839;   ;KB;;
142839;   ;GH;;
142839;   ;SG;;
142839;   ;SH;;
142839;   ;BL;;
142967;   ;LB;;
142967;   ;SB;;
142967;   ;EZ;;
142967;   ;GH;;
142967;   ;SG;;
142967;   ;SH;;
142967;   ;BL;;
143054;   ;LB;;
143054;   ;SB;;
143054;   ;EZ;;
143054;   ;GB;;
143054;   ;KB;;
143054;   ;GH;;
143054;   ;SG;;
143054;   ;SH;;
143054;   ;BL;;
143170;   ;LB;;
143170;   ;SB;;
143170;   ;EZ;;
143212;   ;EZ;;
143212;   ;LB;;
143212;   ;SB;;
143224;   ;LB;;
143224;   ;SB;;
143224;   ;EZ;;
143390;   ;LB;;
143390;   ;SB;;
143390;   ;EZ;;
143492;   ;LB;;
143492;   ;SB;;
143492;   ;EZ;;
143662;   ;LB;;
143662;   ;SB;;
143662;   ;EZ;;
143777;   ;LB;;
143777;   ;SB;;
143777;   ;EZ;;
143996;   ;LB;;
143996;   ;SB;;
143996;   ;EZ;;
144101;   ;EZ;;
144101;   ;LB;;
144101;   ;SB;;
144174;   ;EZ;;
144174;   ;LB;;
144174;   ;SB;;
144344;R  ;  ;;
144411;   ;LB;;
144411;   ;SB;;
144411;   ;EZ;;
144447;   ;LB;;
144447;   ;SB;;
144447;   ;EZ;;
144551;   ;EZ;;
144551;   ;LB;;
144551;   ;SB;;
144599;   ;LB;;
144599;   ;SB;;
144599;   ;EZ;;
144800;   ;LB;;
144800;   ;SB;;
144800;   ;EZ;;
144836;   ;LB;;
144836;   ;SB;;
144836;   ;EZ;;
144976;   ;LB;;
144976;   ;SB;;
144976;   ;EZ;;
145233;   ;EZ;;
145233;   ;LB;;
145233;   ;SB;;
145245;   ;LB;;
145245;   ;SB;;
145245;   ;EZ;;
145403;   ;EZ;;
145403;   ;LB;;
145403;   ;SB;;
145464;   ;EZ;;
145464;   ;LB;;
145464;   ;SB;;
145476;   ;EZ;;
145476;   ;LB;;
145476;   ;SB;;
145490;   ;EZ;;
145490;   ;LB;;
145490;   ;SB;;
145506;   ;EZ;;
145506;   ;LB;;
145506;   ;SB;;
145634;   ;EZ;;
145634;   ;LB;;
145634;   ;SB;;
145634;R  ;EZ;;
145634;R  ;LB;;
145634;R  ;SB;;
145634;R  ;  ;;
146547;   ;LB;;
146547;   ;SB;;
146547;   ;EZ;;
146584;   ;LB;;
146584;   ;SB;;
146584;   ;EZ;;
147084;   ;LB;;
147084;   ;SB;;
147084;   ;EZ;;
147370;   ;EZ;;
147370;   ;LB;;
147370;   ;SB;;
147709;   ;EZ;;
147709;   ;LB;;
147709;   ;SB;;
147801;   ;EZ;;
147801;   ;LB;;
147801;   ;SB;;
147898;   ;EZ;;
147898;   ;LB;;
147898;   ;SB;;
147941;   ;EZ;;
147941;   ;LB;;
147941;   ;SB;;
147977;   ;EZ;;
147977;   ;LB;;
147977;   ;SB;;
148015;   ;EZ;;
148015;   ;LB;;
148015;   ;SB;;
148076;   ;EZ;;
148076;   ;LB;;
148076;   ;SB;;
148143;   ;EZ;;
148143;   ;LB;;
148143;   ;SB;;
148192;   ;EZ;;
148192;   ;LB;;
148192;   ;SB;;
148258;   ;EZ;;
148258;   ;LB;;
148258;   ;SB;;
148349;   ;EZ;;
148349;   ;LB;;
148349;   ;SB;;
148350;   ;EZ;;
148350;   ;LB;;
148350;   ;SB;;
148519;   ;EZ;;
148519;   ;LB;;
148519;   ;SB;;
148532;   ;EZ;;
148532;   ;LB;;
148532;   ;SB;;
148544;   ;EZ;;
148544;   ;LB;;
148544;   ;SB;;
148740;   ;EZ;;
148740;   ;LB;;
148740;   ;SB;;
148805;   ;EZ;;
148805;   ;LB;;
148805;   ;SB;;
148891;   ;EZ;;
148891;   ;LB;;
148891;   ;SB;;
149135;   ;EZ;;
149135;   ;LB;;
149135;   ;SB;;
149160;   ;EZ;;
149160;   ;LB;;
149160;   ;SB;;
149172;   ;EZ;;
149172;   ;LB;;
149172;   ;SB;;
149214;   ;EZ;;
149214;   ;LB;;
149214;   ;SB;;
149408;   ;EZ;;
149408;   ;LB;;
149408;   ;SB;;
149548;   ;EZ;;
149548;   ;LB;;
149548;   ;SB;;
149603;   ;EZ;;
149603;   ;LB;;
149603;   ;SB;;
149792;   ;EZ;;
149792;   ;LB;;
149792;   ;SB;;
149913;   ;EZ;;
149913;   ;LB;;
149913;   ;SB;;
149949;   ;EZ;;
149949;   ;LB;;
149949;   ;SB;;
149950;   ;EZ;;
149950;   ;LB;;
149950;   ;SB;;
150186;   ;EZ;;
150186;   ;LB;;
150186;   ;SB;;
150228;   ;EZ;;
150228;   ;LB;;
150228;   ;SB;;
150368;   ;EZ;;
150368;   ;LB;;
150368;   ;SB;;
150447;   ;EZ;;
150447;   ;LB;;
150447;   ;SB;;
150721;   ;EZ;;
150721;   ;LB;;
150721;   ;SB;;
150733;   ;EZ;;
150733;   ;LB;;
150733;   ;SB;;
150782;   ;EZ;;
150782;   ;LB;;
150782;   ;SB;;
150800;   ;EZ;;
150800;   ;LB;;
150800;   ;SB;;
151804;   ;EZ;;
151804;   ;LB;;
151830;   ;GB;;
151841;   ;BL;;
151841;   ;SH;;
151865;   ;SB;;
151877;   ;KB;;
151889;   ;GB;;
151890;   ;GB;;
151919;   ;EZ;;
151919;   ;LB;;
151932;   ;EZ;;
151956;   ;EZ;;
151981;   ;GB;;
151993;   ;KB;;
152006;   ;BL;;
152006;   ;SH;;
152020;   ;LB;;
152031;   ;LB;;
152031;   ;SB;;
152109;   ;LB;;
152110;   ;EZ;;
152110;   ;LB;;
152122;   ;EZ;;
152122;   ;GB;;
152122;   ;LB;;
152171;   ;EZ;;
152171;   ;GB;;
152171;   ;KB;;
152171;   ;LB;;
152171;   ;SB;;
152225;   ;EZ;;
152225;   ;GB;;
152225;   ;KB;;
152225;   ;LB;;
152225;   ;SB;;
152286;   ;EZ;;
152286;   ;GB;;
152286;   ;KB;;
152286;   ;LB;;
152286;   ;SB;;
152353;   ;KB;;
152365;   ;SB;;
152377;   ;GB;;
152407;   ;GB;;
152419;   ;KB;;
152470;   ;EZ;;
152470;   ;LB;;
152470;   ;SB;;
152493;   ;EZ;;
152493;   ;LB;;
152493;   ;SB;;
152511;   ;KB;;
152523;   ;EZ;;
152523;   ;GB;;
152523;   ;LB;;
152614;   ;EZ;;
152614;   ;GB;;
152614;   ;KR;;
152614;   ;LB;;
152614;   ;SB;;
152778;   ;GB;;
152857;   ;EZ;;
152857;   ;LB;;
152857;   ;SB;;
152882;   ;GB;;
152900;   ;KB;;
152924;   ;EZ;;
152936;   ;EZ;;
152936;   ;LB;;
153096;   ;EZ;;
153096;   ;LB;;
153114;   ;GB;;
153187;   ;GB;;
153217;   ;GB;;
153266;   ;EZ;;
153308;   ;EZ;;
153310;   ;EZ;;
153310;   ;GB;;
153321;   ;EZ;;
153321;   ;LB;;
153321;   ;SB;;
153345;   ;GB;;
153345;   ;KB;;
153394;   ;GB;;
153400;   ;EZ;;
153400;   ;GB;;
153400;   ;LB;;
153424;   ;EZ;;
153424;   ;GB;;
153424;   ;LB;;
153424;   ;SB;;
153436;   ;EZ;;
153450;   ;GB;;
153588;   ;KR;;
153590;   ;GB;;
153710;   ;EZ;;
153710;   ;LB;;
153783;   ;EZ;;
153783;   ;LB;;
153795;   ;EZ;;
153795;   ;LB;;
153849;   ;EZ;;
153849;   ;LB;;
153849;   ;SB;;
153898;   ;EZ;;
153898;   ;GB;;
153898;   ;KB;;
153898;   ;LB;;
153898;   ;SB;;
153898;   ;SH;;
153916;   ;GB;;
153941;   ;EZ;;
153941;   ;GB;;
153941;   ;LB;;
153941;   ;SB;;
153977;   ;EZ;;
153977;   ;LB;;
153977;   ;SB;;
154015;   ;GB;;
154027;   ;SB;;
154040;   ;KB;;
154064;   ;EZ;;
154064;   ;LB;;
154064;   ;SB;;
154088;   ;KR;;
154106;   ;GH;;
154106;   ;SG;;
154143;   ;KR;;
154179;   ;EZ;;
154180;   ;EZ;;
154209;   ;EZ;;
154210;   ;EZ;;
154222;   ;EZ;;
154246;   ;SB;;
154260;   ;GB;;
154337;   ;EZ;;
154337;   ;LB;;
154362;   ;EZ;;
154362;   ;LB;;
154374;   ;LB;;
154428;   ;BL;;
154428;   ;SH;;
154465;   ;LB;;
154490;   ;GB;;
154507;   ;GB;;
154519;   ;EZ;;
154520;   ;EZ;;
154520;   ;LB;;
154520;   ;SB;;
154556;   ;LB;;
154593;   ;KB;;
154600;   ;GB;;
154623;   ;GH;;
154623;   ;SG;;
154647;   ;EZ;;
154647;   ;LB;;
154647;   ;SB;;
154660;   ;EZ;;
154684;   ;EZ;;
154684;   ;LB;;
154684;   ;SB;;
154696;   ;EZ;;
154696;   ;LB;;
154696;   ;SB;;
154714;   ;GB;;
154763;   ;GB;;
154799;   ;GB;;
154805;   ;EZ;;
154805;   ;GB;;
154805;   ;LB;;
154805;   ;SB;;
154817;   ;EZ;;
154817;   ;LB;;
154829;   ;EZ;;
154829;   ;LB;;
154829;   ;SB;;
154830;   ;EZ;;
154830;   ;LB;;
154830;   ;SB;;
154842;   ;GB;;
154880;   ;GB;;
154945;   ;EZ;;
154945;   ;LB;;
154945;   ;SB;;
154957;   ;EZ;;
154957;   ;GB;;
154957;   ;KB;;
154969;   ;GB;;
154970;   ;EZ;;
154982;   ;EZ;;
154982;   ;LB;;
154982;   ;SB;;
154994;   ;LB;;
154994;   ;SB;;
155007;   ;LB;;
155019;   ;EZ;;
155068;   ;EZ;;
155068;   ;LB;;
155068;   ;SB;;
155081;   ;GB;;
155100;   ;LB;;
155135;   ;KR;;
155147;   ;KB;;
155159;   ;GH;;
155159;   ;SG;;
155196;   ;LB;;
155226;   ;EZ;;
155240;   ;BL;;
155240;   ;SH;;
155329;   ;EZ;;
155329;   ;LB;;
155329;   ;SB;;
155366;   ;EZ;;
155366;   ;LB;;
155366;   ;SB;;
155445;   ;GB;;
155457;   ;EZ;;
155457;   ;LB;;
155457;   ;SB;;
155470;   ;BL;;
155470;   ;SH;;
155494;   ;EZ;;
155494;   ;LB;;
155494;   ;SB;;
155536;   ;EZ;;
155536;   ;LB;;
155536;   ;SB;;
155561;   ;EZ;;
155561;   ;LB;;
155561;   ;SB;;
155597;   ;EZ;;
155597;   ;LB;;
155597;   ;SB;;
155615;   ;GB;;
155690;   ;EZ;;
155690;   ;LB;;
155731;   ;EZ;;
155731;   ;LB;;
155779;   ;BL;;
155779;   ;SH;;
155780;   ;GH;;
155780;   ;SG;;
155792;   ;KB;;
155809;   ;GB;;
155822;   ;EZ;;
155822;   ;LB;;
155822;   ;SB;;
155858;   ;LB;;
155895;   ;BL;;
155895;   ;SH;;
155901;   ;GB;;
155913;   ;GH;;
155913;   ;SG;;
155925;   ;KR;;
155949;   ;EZ;;
155949;   ;LB;;
155998;   ;EZ;;
155998;   ;LB;;
155998;   ;SB;;
156048;   ;LB;;
156073;   ;KR;;
156097;   ;KB;;
156127;   ;LB;;
156139;   ;GB;;
156255;   ;EZ;;
156255;   ;LB;;
156255;   ;SB;;
156309;   ;EZ;;
156309;   ;LB;;
156309;   ;SB;;
156334;   ;KR;;
156358;   ;EZ;;
156358;   ;LB;;
156358;   ;SB;;
156401;   ;LB;;
156425;   ;EZ;;
156530;   ;EZ;;
156530;   ;LB;;
156530;   ;SB;;
156541;   ;EZ;;
156541;   ;LB;;
156541;   ;SB;;
156565;   ;GB;;
156565;   ;KB;;
156589;   ;KB;;
156644;   ;LB;;
156644;   ;SB;;
156656;   ;LB;;
156700;   ;LB;;
156735;   ;EZ;;
156796;   ;KR;;
156814;   ;GB;;
156840;   ;LB;;
156899;   ;LB;;
156917;   ;EZ;;
156930;   ;KB;;
156942;   ;GB;;
156942;   ;KB;;
156980;   ;BL;;
156980;   ;GB;;
156980;   ;SH;;
157004;   ;EZ;;
157016;   ;LB;;
157028;   ;EZ;;
157030;   ;GB;;
157030;   ;KB;;
157065;   ;LB;;
157107;   ;EZ;;
157107;   ;LB;;
157120;   ;LB;;
157200;   ;KB;;
157247;   ;EZ;;
157247;   ;LB;;
157247;   ;SB;;
157296;   ;LB;;
157326;   ;LB;;
157338;   ;LB;;
157351;   ;LB;;
157363;   ;LB;;
157430;   ;GH;;
157430;   ;SG;;
157442;   ;GB;;
157454;   ;BL;;
157454;   ;SH;;
157466;   ;KB;;
157491;   ;LB;;
157510;   ;LB;;
157533;   ;KR;;
157648;   ;EZ;;
157648;   ;KR;;
157650;   ;GB;;
157727;   ;EZ;;
157727;   ;LB;;
157727;   ;SB;;
157818;   ;EZ;;
157818;   ;LB;;
157818;   ;SB;;
157855;   ;LB;;
157867;   ;EZ;;
157892;   ;KB;;
157922;   ;KR;;
157934;   ;EZ;;
157934;   ;LB;;
157958;   ;EZ;;
157958;   ;LB;;
157958;   ;SB;;
158010;   ;GB;;
158021;   ;KB;;
158070;   ;KR;;
158070;   ;LB;;
158136;   ;LB;;
158215;   ;EZ;;
158215;   ;LB;;
158276;   ;EZ;;
158276;   ;LB;;
158318;   ;EZ;;
158318;   ;LB;;
158318;   ;SB;;
158331;   ;BL;;
158331;   ;SH;;
158331;R00;BL;;
158331;R00;SH;;
158355;   ;GB;;
158379;   ;LB;;
158410;   ;KB;;
158471;   ;GB;;
158574;   ;LB;;
158574;   ;SB;;
158574;   ;EZ;;
158586;   ;LB;;
158586;   ;SB;;
158586;   ;EZ;;
158598;   ;LB;;
158598;   ;SB;;
158598;   ;EZ;;
158604;   ;LB;;
158604;   ;SB;;
158604;   ;EZ;;
158616;   ;LB;;
158616;   ;SB;;
158616;   ;EZ;;
158630;   ;LB;;
158630;   ;SB;;
158630;   ;EZ;;
158641;   ;LB;;
158641;   ;SB;;
158641;   ;EZ;;
158707;   ;EZ;;
158707;   ;LB;;
158707;   ;SB;;
158781;   ;LB;;
158781;   ;SB;;
158781;   ;EZ;;
158811;   ;LB;;
158811;   ;SB;;
158811;   ;EZ;;
158823;   ;LB;;
158823;   ;SB;;
158823;   ;EZ;;
158835;   ;LB;;
158835;   ;SB;;
158835;   ;EZ;;
158847;   ;LB;;
158847;   ;SB;;
158847;   ;EZ;;
158859;   ;LB;;
158859;   ;SB;;
158859;   ;EZ;;
158872;   ;LB;;
158872;   ;SB;;
158872;   ;EZ;;
158884;   ;LB;;
158884;   ;SB;;
158884;   ;EZ;;
158896;   ;LB;;
158896;   ;SB;;
158896;   ;EZ;;
158902;   ;LB;;
158902;   ;SB;;
158902;   ;EZ;;
158940;   ;EZ;;
158940;   ;LB;;
158940;   ;SB;;
158940;R01;  ;;
158975;   ;LB;;
158975;   ;SB;;
158975;   ;EZ;;
158999;   ;LB;;
158999;   ;SB;;
158999;   ;EZ;;
159001;   ;LB;;
159001;   ;SB;;
159001;   ;EZ;;
159001;H  ;  ;;
159049;   ;LB;;
159049;   ;SB;;
159049;   ;EZ;;
159050;   ;LB;;
159050;   ;SB;;
159050;   ;EZ;;
159062;   ;LB;;
159062;   ;SB;;
159062;   ;EZ;;
159086;   ;LB;;
159086;   ;SB;;
159086;   ;EZ;;
159098;   ;LB;;
159098;   ;SB;;
159098;   ;EZ;;
159104;   ;LB;;
159104;   ;SB;;
159104;   ;EZ;;
159141;   ;EZ;;
159141;   ;LB;;
159141;   ;SB;;
159141;H  ;  ;;
159165;H  ;  ;;
159165;   ;EZ;;
159165;   ;LB;;
159165;   ;SB;;
159177;   ;EZ;;
159177;   ;LB;;
159177;   ;SB;;
159177;H  ;  ;;
159190;   ;LB;;
159190;   ;SB;;
159190;   ;EZ;;
159207;   ;LB;;
159207;   ;SB;;
159207;   ;EZ;;
159220;   ;LB;;
159220;   ;SB;;
159220;   ;EZ;;
159244;   ;LB;;
159244;   ;SB;;
159244;   ;EZ;;
159256;   ;LB;;
159256;   ;SB;;
159256;   ;EZ;;
159270;   ;LB;;
159270;   ;SB;;
159270;   ;EZ;;
159293;   ;LB;;
159293;   ;SB;;
159293;   ;EZ;;
159300;   ;LB;;
159300;   ;SB;;
159300;   ;EZ;;
159335;   ;LB;;
159335;   ;SB;;
159335;   ;EZ;;
159372;   ;LB;;
159372;   ;SB;;
159372;   ;EZ;;
159384;   ;GH;;
159384;   ;SG;;
159414;   ;LB;;
159414;   ;SB;;
159414;   ;EZ;;
159438;   ;LB;;
159438;   ;SB;;
159438;   ;EZ;;
159463;   ;LB;;
159463;   ;SB;;
159463;   ;EZ;;
159529;   ;LB;;
159529;   ;SB;;
159529;   ;EZ;;
159529;H  ;  ;;
159554;H  ;  ;;
159566;   ;LB;;
159566;   ;SB;;
159566;   ;EZ;;
159580;   ;LB;;
159580;   ;SB;;
159580;   ;EZ;;
159591;   ;LB;;
159591;   ;SB;;
159591;   ;EZ;;
159633;   ;LB;;
159633;   ;SB;;
159633;   ;EZ;;
159633;H  ;  ;;
159669;   ;LB;;
159669;   ;SB;;
159669;   ;EZ;;
159670;   ;LB;;
159670;   ;SB;;
159670;   ;EZ;;
159773;   ;LB;;
159773;   ;SB;;
159773;   ;EZ;;
159839;   ;LB;;
159839;   ;SB;;
159839;   ;EZ;;
159839;H  ;  ;;
159852;   ;LB;;
159852;   ;SB;;
159852;   ;EZ;;
159918;   ;LB;;
159918;   ;SB;;
159918;   ;EZ;;
159955;   ;LB;;
159955;   ;SB;;
159955;   ;EZ;;
159955;   ;GH;;
159955;   ;SG;;
159967;   ;LB;;
159967;   ;SB;;
159967;   ;EZ;;
159967;   ;KB;;
159967;   ;GH;;
159967;   ;SG;;
159967;   ;SH;;
159967;   ;BL;;
159992;   ;LB;;
159992;   ;SB;;
159992;   ;EZ;;
159992;   ;GH;;
159992;   ;SG;;
160027;   ;LB;;
160027;   ;SB;;
160027;   ;EZ;;
160064;   ;LB;;
160064;   ;SB;;
160064;   ;EZ;;
160064;   ;KB;;
160064;   ;GH;;
160064;   ;SG;;
160064;   ;SH;;
160064;   ;BL;;
160076;   ;LB;;
160076;   ;SB;;
160076;   ;EZ;;
160076;   ;KB;;
160076;   ;GH;;
160076;   ;SG;;
160076;   ;SH;;
160076;   ;BL;;
160090;   ;LB;;
160090;   ;SB;;
160090;   ;EZ;;
160090;   ;KB;;
160090;   ;GH;;
160090;   ;SG;;
160090;   ;SH;;
160090;   ;BL;;
160106;   ;LB;;
160106;   ;SB;;
160106;   ;EZ;;
160106;   ;KB;;
160106;   ;GH;;
160106;   ;SG;;
160106;   ;SH;;
160106;   ;BL;;
160118;   ;LB;;
160118;   ;SB;;
160118;   ;EZ;;
160118;   ;KB;;
160118;   ;GH;;
160118;   ;SG;;
160118;   ;SH;;
160118;   ;BL;;
160120;   ;LB;;
160120;   ;SB;;
160120;   ;EZ;;
160120;   ;KB;;
160120;   ;GH;;
160120;   ;SG;;
160120;   ;SH;;
160120;   ;BL;;
160131;   ;LB;;
160131;   ;SB;;
160131;   ;EZ;;
160131;   ;KB;;
160131;   ;GH;;
160131;   ;SG;;
160131;   ;SH;;
160131;   ;BL;;
160179;   ;LB;;
160179;   ;SB;;
160179;   ;EZ;;
160179;   ;KB;;
160179;   ;GH;;
160179;   ;SG;;
160179;   ;SH;;
160179;   ;BL;;
160180;   ;LB;;
160180;   ;SB;;
160180;   ;EZ;;
160180;   ;KB;;
160180;   ;GH;;
160180;   ;SG;;
160180;   ;SH;;
160180;   ;BL;;
160192;   ;LB;;
160192;   ;SB;;
160192;   ;EZ;;
160192;   ;KB;;
160192;   ;GH;;
160192;   ;SG;;
160192;   ;SH;;
160192;   ;BL;;
160209;   ;LB;;
160209;   ;SB;;
160209;   ;EZ;;
160209;   ;KB;;
160209;   ;GH;;
160209;   ;SG;;
160209;   ;SH;;
160209;   ;BL;;
160210;   ;LB;;
160210;   ;SB;;
160210;   ;EZ;;
160210;   ;KB;;
160210;   ;GH;;
160210;   ;SG;;
160210;   ;SH;;
160210;   ;BL;;
160222;   ;LB;;
160222;   ;SB;;
160222;   ;EZ;;
160222;   ;KB;;
160222;   ;GH;;
160222;   ;SG;;
160222;   ;SH;;
160222;   ;BL;;
160260;R01;  ;;
160271;   ;LB;;
160271;   ;SB;;
160271;   ;EZ;;
160283;   ;EZ;;
160283;   ;LB;;
160283;   ;SB;;
160295;   ;EZ;;
160295;   ;LB;;
160295;   ;SB;;
160295;   ;KB;;
160295;   ;GH;;
160295;   ;SG;;
160313;   ;EZ;;
160313;   ;LB;;
160313;   ;SB;;
160337;   ;EZ;;
160337;   ;LB;;
160337;   ;SB;;
160350;   ;LB;;
160350;   ;SB;;
160350;   ;EZ;;
160350;H  ;  ;;
160416;   ;EZ;;
160416;   ;LB;;
160416;   ;SB;;
160428;   ;EZ;;
160428;   ;LB;;
160428;   ;SB;;
160430;   ;LB;;
160430;   ;SB;;
160430;   ;EZ;;
160430;   ;KB;;
160430;   ;GH;;
160430;   ;SG;;
160430;   ;SH;;
160430;   ;BL;;
160441;   ;EZ;;
160441;   ;LB;;
160441;   ;SB;;
160465;   ;LB;;
160465;   ;SB;;
160465;   ;EZ;;
160477;   ;LB;;
160477;   ;SB;;
160477;   ;EZ;;
160519;   ;LB;;
160519;   ;SB;;
160519;   ;EZ;;
160532;   ;LB;;
160532;   ;SB;;
160532;   ;EZ;;
160544;   ;EZ;;
160544;   ;LB;;
160544;   ;SB;;
160556;   ;LB;;
160556;   ;SB;;
160556;   ;EZ;;
160568;   ;LB;;
160568;   ;SB;;
160568;   ;EZ;;
160568;   ;KB;;
160568;   ;GH;;
160568;   ;SG;;
160568;   ;SH;;
160568;   ;BL;;
160570;   ;LB;;
160570;   ;SB;;
160570;   ;EZ;;
160570;   ;KB;;
160570;   ;GH;;
160570;   ;SG;;
160570;   ;SH;;
160570;   ;BL;;
160581;   ;LB;;
160581;   ;SB;;
160581;   ;EZ;;
160581;   ;KB;;
160581;   ;GH;;
160581;   ;SG;;
160581;   ;SH;;
160581;   ;BL;;
160593;   ;LB;;
160593;   ;SB;;
160593;   ;EZ;;
160600;   ;LB;;
160600;   ;SB;;
160600;   ;EZ;;
160714;   ;EZ;;
160714;   ;LB;;
160714;   ;SB;;
160738;   ;EZ;;
160738;   ;LB;;
160738;   ;SB;;
160787;   ;LB;;
160787;   ;SB;;
160787;   ;EZ;;
160805;   ;LB;;
160805;   ;SB;;
160805;   ;EZ;;
160805;   ;GH;;
160805;   ;SG;;
160805;   ;SH;;
160805;   ;BL;;
160829;   ;LB;;
160829;   ;SB;;
160829;   ;EZ;;
160829;   ;GH;;
160829;   ;SG;;
160830;   ;LB;;
160830;   ;SB;;
160830;   ;EZ;;
160830;H  ;  ;;
160842;   ;LB;;
160842;   ;SB;;
160842;   ;EZ;;
160945;   ;LB;;
160945;   ;SB;;
160945;   ;EZ;;
160994;   ;LB;;
160994;   ;SB;;
160994;   ;EZ;;
160994;   ;KB;;
160994;   ;GH;;
160994;   ;SG;;
160994;   ;SH;;
160994;   ;BL;;
161019;   ;LB;;
161019;   ;SB;;
161019;   ;EZ;;
161019;   ;KB;;
161019;   ;GH;;
161019;   ;SG;;
161019;   ;SH;;
161019;   ;BL;;
161019;H  ;  ;;
161032;   ;LB;;
161032;   ;SB;;
161032;   ;EZ;;
161044;   ;LB;;
161044;   ;SB;;
161044;   ;EZ;;
161068;   ;LB;;
161068;   ;SB;;
161068;   ;EZ;;
161070;   ;LB;;
161070;   ;SB;;
161070;   ;EZ;;
161081;   ;EZ;;
161081;   ;LB;;
161081;   ;SB;;
161100;   ;LB;;
161100;   ;SB;;
161100;   ;EZ;;
161111;   ;LB;;
161111;   ;SB;;
161111;   ;EZ;;
161160;   ;LB;;
161160;   ;SB;;
161160;   ;EZ;;
161196;   ;LB;;
161196;   ;SB;;
161196;   ;EZ;;
161214;   ;LB;;
161214;   ;SB;;
161214;   ;EZ;;
161226;   ;LB;;
161226;   ;SB;;
161226;   ;EZ;;
161240;   ;LB;;
161240;   ;SB;;
161240;   ;EZ;;
161275;   ;LB;;
161275;   ;SB;;
161275;   ;EZ;;
161380;   ;EZ;;
161380;   ;LB;;
161380;   ;SB;;
161482;   ;LB;;
161482;   ;SB;;
161482;   ;EZ;;
161548;   ;EZ;;
161548;   ;LB;;
161548;   ;SB;;
161573;   ;EZ;;
161573;   ;LB;;
161573;   ;SB;;
161603;   ;EZ;;
161603;   ;LB;;
161603;   ;SB;;
161639;   ;LB;;
161639;   ;SB;;
161639;   ;EZ;;
161664;   ;LB;;
161664;   ;SB;;
161664;   ;EZ;;
161690;   ;LB;;
161690;   ;EZ;;
161690;   ;SB;;
161706;   ;LB;;
161706;   ;SB;;
161706;   ;EZ;;
161755;   ;LB;;
161755;   ;SB;;
161755;   ;EZ;;
161779;   ;EZ;;
161779;   ;LB;;
161779;   ;SB;;
161792;   ;LB;;
161792;   ;SB;;
161792;   ;EZ;;
161810;   ;LB;;
161810;   ;SB;;
161810;   ;EZ;;
161846;   ;EZ;;
161846;   ;LB;;
161846;   ;SB;;
161925;   ;EZ;;
161925;   ;LB;;
161925;   ;SB;;
161974;   ;LB;;
161974;   ;SB;;
161974;   ;EZ;;
161986;   ;LB;;
161986;   ;SB;;
161986;   ;EZ;;
162000;   ;LB;;
162000;   ;SB;;
162000;   ;EZ;;
162012;   ;LB;;
162012;   ;SB;;
162012;   ;EZ;;
162024;   ;LB;;
162024;   ;SB;;
162024;   ;EZ;;
162036;   ;LB;;
162036;   ;SB;;
162036;   ;EZ;;
162048;   ;LB;;
162048;   ;SB;;
162048;   ;EZ;;
162050;   ;LB;;
162050;   ;SB;;
162050;   ;EZ;;
162073;H  ;  ;;
162115;   ;LB;;
162115;   ;SB;;
162115;   ;EZ;;
162139;   ;LB;;
162139;   ;SB;;
162139;   ;EZ;;
162164;   ;EZ;;
162164;   ;LB;;
162164;   ;SB;;
162164;H  ;  ;;
162206;   ;LB;;
162206;   ;SB;;
162206;   ;EZ;;
162218;   ;LB;;
162218;   ;SB;;
162218;   ;EZ;;
162220;   ;LB;;
162220;   ;SB;;
162220;   ;EZ;;
162310;   ;SB;;
162310;   ;LB;;
162310;   ;EZ;;
162322;   ;LB;;
162322;   ;SB;;
162322;   ;EZ;;
162437;   ;LB;;
162437;   ;SB;;
162437;   ;EZ;;
162498;   ;LB;;
162498;   ;SB;;
162498;   ;EZ;;
162565;   ;LB;;
162565;   ;SB;;
162565;   ;EZ;;
162577;   ;LB;;
162577;   ;SB;;
162577;   ;EZ;;
162589;   ;LB;;
162589;   ;SB;;
162589;   ;EZ;;
162656;   ;EZ;;
162656;   ;LB;;
162656;   ;SB;;
162681;   ;EZ;;
162681;   ;SB;;
162681;   ;LB;;
162735;   ;LB;;
162735;   ;SB;;
162735;   ;EZ;;
162747;   ;EZ;;
162747;   ;LB;;
162747;   ;SB;;
162760;   ;EZ;;
162760;   ;LB;;
162760;   ;SB;;
162784;   ;EZ;;
162784;   ;LB;;
162784;   ;SB;;
162796;   ;EZ;;
162796;   ;LB;;
162796;   ;SB;;
162814;   ;EZ;;
162814;   ;LB;;
162814;   ;SB;;
162826;   ;EZ;;
162826;   ;LB;;
162826;   ;SB;;
162840;   ;EZ;;
162840;   ;LB;;
162840;   ;SB;;
162851;   ;EZ;;
162851;   ;LB;;
162851;   ;SB;;
162863;   ;EZ;;
162863;   ;LB;;
162863;   ;SB;;
162875;   ;EZ;;
162875;   ;LB;;
162875;   ;SB;;
162887;   ;EZ;;
162887;   ;LB;;
162887;   ;SB;;
162899;   ;EZ;;
162899;   ;LB;;
162899;   ;SB;;
162917;   ;GH;;
162917;   ;SG;;
162930;   ;EZ;;
162930;   ;LB;;
162930;   ;SB;;
162980;   ;EZ;;
162980;   ;LB;;
162980;   ;SB;;
162991;   ;EZ;;
162991;   ;LB;;
162991;   ;SB;;
163004;   ;EZ;;
163004;   ;LB;;
163004;   ;SB;;
163028;   ;EZ;;
163028;   ;LB;;
163028;   ;SB;;
163030;   ;EZ;;
163030;   ;LB;;
163030;   ;SB;;
163041;   ;EZ;;
163041;   ;LB;;
163041;   ;SB;;
163053;   ;EZ;;
163053;   ;LB;;
163053;   ;SB;;
163065;   ;EZ;;
163065;   ;LB;;
163065;   ;SB;;
163077;   ;EZ;;
163077;   ;LB;;
163077;   ;SB;;
163089;   ;EZ;;
163089;   ;LB;;
163089;   ;SB;;
163090;   ;EZ;;
163090;   ;LB;;
163090;   ;SB;;
163107;   ;EZ;;
163107;   ;LB;;
163107;   ;SB;;
163119;   ;EZ;;
163119;   ;LB;;
163119;   ;SB;;
163120;   ;EZ;;
163120;   ;LB;;
163120;   ;SB;;
163132;   ;EZ;;
163132;   ;LB;;
163132;   ;SB;;
163144;   ;EZ;;
163144;   ;LB;;
163144;   ;SB;;
163156;   ;EZ;;
163156;   ;LB;;
163156;   ;SB;;
163211;   ;EZ;;
163211;   ;LB;;
163211;   ;SB;;
163235;   ;EZ;;
163235;   ;LB;;
163235;   ;SB;;
163235;H  ;  ;;
163247;   ;EZ;;
163247;   ;LB;;
163247;   ;SB;;
163314;   ;EZ;;
163314;   ;LB;;
163314;   ;SB;;
163326;   ;EZ;;
163326;   ;LB;;
163326;   ;SB;;
163340;   ;EZ;;
163340;   ;LB;;
163340;   ;SB;;
163351;   ;EZ;;
163351;   ;LB;;
163351;   ;SB;;
163363;   ;EZ;;
163363;   ;LB;;
163363;   ;SB;;
163375;   ;EZ;;
163375;   ;LB;;
163375;   ;SB;;
163399;   ;EZ;;
163399;   ;LB;;
163399;   ;SB;;
163405;   ;EZ;;
163405;   ;LB;;
163405;   ;SB;;
163430;   ;EZ;;
163430;   ;LB;;
163430;   ;SB;;
163442;   ;EZ;;
163442;   ;LB;;
163442;   ;SB;;
163480;   ;EZ;;
163480;   ;LB;;
163480;   ;SB;;
163491;   ;EZ;;
163491;   ;LB;;
163491;   ;SB;;
163510;   ;EZ;;
163510;   ;LB;;
163510;   ;SB;;
163569;   ;EZ;;
163569;   ;LB;;
163569;   ;SB;;
163582;   ;EZ;;
163582;   ;LB;;
163582;   ;SB;;
163594;   ;EZ;;
163594;   ;LB;;
163594;   ;SB;;
163600;   ;EZ;;
163600;   ;LB;;
163600;   ;SB;;
163648;   ;EZ;;
163648;   ;LB;;
163648;   ;SB;;
163650;   ;EZ;;
163650;   ;LB;;
163650;   ;SB;;
163673;   ;EZ;;
163673;   ;LB;;
163673;   ;SB;;
163685;   ;EZ;;
163685;   ;LB;;
163685;   ;SB;;
163727;   ;EZ;;
163727;   ;LB;;
163727;   ;SB;;
163739;   ;EZ;;
163739;   ;LB;;
163739;   ;SB;;
163740;   ;EZ;;
163740;   ;LB;;
163740;   ;SB;;
163764;   ;EZ;;
163764;   ;LB;;
163764;   ;SB;;
163776;   ;EZ;;
163776;   ;LB;;
163776;   ;SB;;
163790;   ;EZ;;
163790;   ;LB;;
163790;   ;SB;;
163790;H  ;  ;;
163806;R02;  ;;
163820;G02;  ;;
163820;R02;  ;;
163831;R02;  ;;
163843;R02;  ;;
163880;R02;  ;;
163909;R02;  ;;
163922;R02;  ;;
163934;R02;  ;;
163958;R02;  ;;
163960;G02;  ;;
163960;K02;  ;;
163960;R02;  ;;
163971;R02;  ;;
164021;R02;  ;;
164033;R02;  ;;
164045;G02;  ;;
164045;K02;  ;;
164045;R02;  ;;
164094;G02;  ;;
164094;K02;  ;;
164094;R02;  ;;
164100;   ;EZ;;
164100;   ;LB;;
164100;   ;SB;;
164124;   ;LB;;
164124;   ;SB;;
164124;   ;EZ;;
164124;   ;KB;;
164124;   ;GH;;
164124;   ;SG;;
164124;   ;SH;;
164124;   ;BL;;
164136;   ;EZ;;
164136;   ;LB;;
164136;   ;SB;;
164148;   ;EZ;;
164148;   ;LB;;
164148;   ;SB;;
164161;   ;LB;;
164161;   ;SB;;
164161;   ;EZ;;
164161;   ;GB;;
164161;   ;KB;;
164161;   ;GH;;
164161;   ;SG;;
164161;   ;SH;;
164161;   ;BL;;
164185;   ;LB;;
164185;   ;SB;;
164185;   ;EZ;;
164203;   ;LB;;
164203;   ;SB;;
164203;   ;EZ;;
164215;   ;EZ;;
164215;   ;LB;;
164227;   ;EZ;;
164227;   ;LB;;
164239;   ;EZ;;
164239;   ;LB;;
164239;   ;SB;;
164240;   ;EZ;;
164240;   ;LB;;
164240;   ;SB;;
164264;H01;  ;;
164264;H02;  ;;
164264;K02;  ;;
164276;   ;EZ;;
164276;   ;LB;;
164276;   ;SB;;
164290;   ;EZ;;
164290;   ;LB;;
164290;   ;SB;;
164306;G8A;  ;;
164306;GY9;  ;;
164318;G8A;  ;;
164318;GY9;  ;;
164320;G8A;  ;;
164320;GY9;  ;;
164343;G8A;  ;;
164343;GY9;  ;;
164355;G8A;  ;;
164355;GY9;  ;;
164379;G8A;  ;;
164379;GY9;  ;;
164380;G8A;  ;;
164380;GY9;  ;;
164392;G8A;  ;;
164392;GY9;  ;;
164409;G8A;  ;;
164409;GY9;  ;;
164434;G8A;  ;;
164434;GY9;  ;;
164446;G8A;  ;;
164446;GY9;  ;;
164458;G8A;  ;;
164458;GY9;  ;;
164460;G8A;  ;;
164460;GY9;  ;;
164471;G8A;  ;;
164471;GY9;  ;;
164483;G8A;  ;;
164483;GY9;  ;;
164495;G8A;  ;;
164495;GY9;  ;;
164501;G8A;  ;;
164501;GY9;  ;;
164513;G8A;  ;;
164513;GY9;  ;;
164525;G8A;  ;;
164525;GY9;  ;;
164525;G01;  ;;
164537;G8A;  ;;
164537;GY9;  ;;
164549;G8A;  ;;
164549;GY9;  ;;
164586;G8A;  ;;
164586;GY9;  ;;
164598;G8A;  ;;
164598;GY9;  ;;
164604;G8A;  ;;
164604;GY9;  ;;
164616;G8A;  ;;
164616;GY9;  ;;
164641;G8A;  ;;
164641;GY9;  ;;
164665;G8A;  ;;
164665;GY9;  ;;
164677;G8A;  ;;
164677;GY9;  ;;
164707;G8A;  ;;
164707;GY9;  ;;
164719;G8A;  ;;
164719;GY9;  ;;
164720;G8A;  ;;
164732;G8A;  ;;
164732;GY9;  ;;
164744;G8A;  ;;
164744;GY9;  ;;
164756;G8A;  ;;
164756;GY9;  ;;
164770;G8A;  ;;
164770;GY9;  ;;
164781;G8A;  ;;
164781;GY9;  ;;
164793;G8A;  ;;
164793;GY9;  ;;
164800;G8A;  ;;
164800;GY9;  ;;
164811;G8A;  ;;
164811;GY9;  ;;
164835;G01;  ;;
164847;G8A;  ;;
164847;GY9;  ;;
164859;GY9;  ;;
164860;G8A;  ;;
164860;GY9;  ;;
164872;G8A;  ;;
164872;GY9;  ;;
164884;G8A;  ;;
164884;GY9;  ;;
164896;G8A;  ;;
164896;GY9;  ;;
164902;G8A;  ;;
164902;GY9;  ;;
164914;G8A;  ;;
164914;GY9;  ;;
164926;G8A;  ;;
164926;GY9;  ;;
164938;G8A;  ;;
164938;GY9;  ;;
164940;G8A;  ;;
164940;GY9;  ;;
164940;GY9;EZ;;
164940;GY9;LB;;
164940;GY9;SB;;
164951;G8A;  ;;
164951;GY9;  ;;
164975;G8A;  ;;
164975;GY9;  ;;
164987;G8A;  ;;
164987;GY9;  ;;
164999;G8A;  ;;
164999;GY9;  ;;
165001;G8A;  ;;
165001;GY9;  ;;
165013;G8A;  ;;
165013;GY9;  ;;
165037;G8A;  ;;
165037;GY9;  ;;
165049;G8A;  ;;
165049;GY9;  ;;
165050;G8A;  ;;
165050;GY9;  ;;
165062;G8A;  ;;
165062;GY9;  ;;
165086;G8A;  ;;
165086;GY9;  ;;
165098;G8A;  ;;
165098;GY9;  ;;
165104;G8A;  ;;
165104;GY9;  ;;
165116;G8A;  ;;
165116;GY9;  ;;
165128;G8A;  ;;
165128;GY9;  ;;
165130;G8A;  ;;
165130;GY9;  ;;
165141;G8A;  ;;
165141;GY9;  ;;
165153;G8A;  ;;
165153;GY9;  ;;
165165;G8A;  ;;
165165;GY9;  ;;
165189;G8A;  ;;
165189;GY9;  ;;
165190;G8A;  ;;
165190;GY9;  ;;
165207;G8A;  ;;
165207;GY9;  ;;
165219;G8A;  ;;
165219;GY9;  ;;
165220;G8A;  ;;
165220;GY9;  ;;
165244;G8A;  ;;
165244;GY9;  ;;
165256;G8A;  ;;
165256;GY9;  ;;
165268;G8A;  ;;
165268;GY9;  ;;
165270;G8A;  ;;
165270;GY9;  ;;
165281;G8A;  ;;
165281;GY9;  ;;
165293;G8A;  ;;
165293;GY9;  ;;
165300;G8A;  ;;
165300;GY9;  ;;
165311;G8A;  ;;
165311;GY9;  ;;
165335;G8A;  ;;
165335;GY9;  ;;
165347;G8A;  ;;
165347;GY9;  ;;
165359;G8A;  ;;
165359;GY9;  ;;
165360;G8A;  ;;
165360;GY9;  ;;
165372;G8A;  ;;
165372;GY9;  ;;
165384;G8A;  ;;
165384;GY9;  ;;
165396;G8A;  ;;
165396;GY9;  ;;
165402;G8A;  ;;
165402;GY9;  ;;
165414;G8A;  ;;
165414;GY9;  ;;
165438;G8A;  ;;
165438;GY9;  ;;
165451;G8A;  ;;
165451;GY9;  ;;
165463;G8A;  ;;
165463;GY9;  ;;
165475;G8A;  ;;
165475;GY9;  ;;
165487;G8A;  ;;
165487;GY9;  ;;
165505;G8A;  ;;
165505;GY9;  ;;
165517;G8A;  ;;
165517;GY9;  ;;
165529;G8A;  ;;
165529;GY9;  ;;
165530;G8A;  ;;
165530;GY9;  ;;
165542;G8A;  ;;
165542;GY9;  ;;
165554;G8A;  ;;
165554;GY9;  ;;
165566;GY8;  ;;
165578;G8A;  ;;
165578;GY9;  ;;
165580;G8A;  ;;
165580;GY9;  ;;
165591;G8A;  ;;
165591;GY9;  ;;
165608;G8A;  ;;
165608;GY9;  ;;
165621;G8A;  ;;
165621;GY9;  ;;
165633;G8A;  ;;
165633;GY9;  ;;
165645;G8A;  ;;
165645;GY9;  ;;
165657;G8A;  ;;
165657;GY9;  ;;
165669;G8A;  ;;
165669;GY9;  ;;
165670;G8A;  ;;
165670;GY9;  ;;
165682;G8A;  ;;
165682;GY9;  ;;
165694;G8A;  ;;
165694;GY9;  ;;
165700;G8A;  ;;
165700;GY9;  ;;
165712;G8A;  ;;
165712;GY9;  ;;
165724;G8A;  ;;
165724;GY9;  ;;
165736;G8A;  ;;
165736;GY9;  ;;
165748;G8A;  ;;
165748;GY9;  ;;
165750;G8A;  ;;
165750;GY9;  ;;
165761;G8A;  ;;
165761;GY9;  ;;
165773;G8A;  ;;
165773;GY9;  ;;
165773;GY9;BL;;
165773;GY9;SH;;
165785;G8A;  ;;
165785;GY9;  ;;
165797;G8A;  ;;
165797;GY9;  ;;
165803;G8A;  ;;
165803;GY9;  ;;
165815;G8A;  ;;
165815;GY9;  ;;
165827;G8A;  ;;
165827;GY9;  ;;
165839;G8A;  ;;
165839;GY9;  ;;
165852;G8A;  ;;
165852;GY9;  ;;
165864;G8A;  ;;
165864;GY9;  ;;
165876;G8A;  ;;
165876;GY9;  ;;
165888;G8A;  ;;
165888;GY9;  ;;
165906;G8A;  ;;
165906;GY9;  ;;
165918;GY9;  ;;
165920;G8A;  ;;
165920;GY9;  ;;
165931;G8A;  ;;
165931;GY9;  ;;
165955;G8A;  ;;
165955;GY9;  ;;
165979;G8A;  ;;
165979;GY9;  ;;
165980;G8A;  ;;
165980;GY9;  ;;
165992;G8A;  ;;
165992;GY9;  ;;
166005;G8A;  ;;
166005;GY9;  ;;
166017;G8A;  ;;
166017;GY9;  ;;
166029;G8A;  ;;
166029;GY9;  ;;
166030;G8A;  ;;
166030;GY9;  ;;
166054;G8A;  ;;
166054;GY9;  ;;
166066;G8A;  ;;
166066;GY9;  ;;
166078;G8A;  ;;
166078;GY9;  ;;
166080;G8A;  ;;
166080;GY9;  ;;
166091;G8A;  ;;
166091;GY9;  ;;
166110;G8A;  ;;
166110;GY9;  ;;
166121;G8A;  ;;
166121;GY9;  ;;
166133;G8A;  ;;
166133;GY9;  ;;
166145;G8A;  ;;
166145;GY9;  ;;
166157;G8A;  ;;
166157;GY9;  ;;
166169;G8A;  ;;
166169;GY9;  ;;
166182;G8A;  ;;
166182;GY9;  ;;
166194;G8A;  ;;
166194;GY9;  ;;
166200;G8A;  ;;
166200;GY9;  ;;
166212;G8A;  ;;
166212;GY9;  ;;
166224;G8A;  ;;
166224;GY9;  ;;
166236;G8A;  ;;
166236;GY9;  ;;
166248;G8A;  ;;
166248;GY9;  ;;
166250;G8A;  ;;
166250;GY9;  ;;
166250;GY9;LB;;
166250;GY9;SB;;
166250;GY9;EZ;;
166250;GY9;GB;;
166250;GY9;GH;;
166250;GY9;SG;;
166250;GY9;SH;;
166250;GY9;BL;;
166261;G8A;  ;;
166261;GY9;  ;;
166273;G8A;  ;;
166273;GY9;  ;;
166297;G8A;  ;;
166297;GY9;  ;;
166315;G8A;  ;;
166315;GY9;  ;;
166327;G8A;  ;;
166327;GY9;  ;;
166339;G8A;  ;;
166339;GY9;  ;;
166340;G8A;  ;;
166340;GY9;  ;;
166352;G8A;  ;;
166352;GY9;  ;;
166364;G8A;  ;;
166364;GY9;  ;;
166376;G8A;  ;;
166376;GY9;  ;;
166376;GY9;EZ;;
166376;GY9;LB;;
166376;GY9;SB;;
166376;GY9;GB;;
166376;GY9;KB;;
166376;GY9;GH;;
166376;GY9;SG;;
166376;GY9;SH;;
166376;GY9;BL;;
166388;GY9;  ;;
166388;G8A;  ;;
166390;G8A;  ;;
166390;GY9;  ;;
166406;G8A;  ;;
166406;GY9;  ;;
166418;G8A;  ;;
166418;GY9;  ;;
166420;G8A;  ;;
166420;GY9;  ;;
166431;G8A;  ;;
166431;GY9;  ;;
166443;G8A;  ;;
166443;GY9;  ;;
166455;G8A;  ;;
166455;GY9;  ;;
166467;G8A;  ;;
166467;GY9;  ;;
166479;G8A;  ;;
166479;GY9;  ;;
166480;G8A;  ;;
166480;GY9;  ;;
166492;G8A;  ;;
166492;GY9;  ;;
166546;G8A;  ;;
166546;GY9;  ;;
166558;G8A;  ;;
166558;GY9;  ;;
166560;G8A;  ;;
166560;GY9;  ;;
166571;G8A;  ;;
166571;GY9;  ;;
166583;G8A;  ;;
166583;GY9;  ;;
166595;G8A;  ;;
166595;GY9;  ;;
166601;G8A;  ;;
166601;GY9;  ;;
166613;G8A;  ;;
166613;GY9;  ;;
166625;G8A;  ;;
166625;GY9;  ;;
166637;G8A;  ;;
166637;GY9;  ;;
166649;G8A;  ;;
166649;GY9;  ;;
166650;G8A;  ;;
166650;GY9;  ;;
166662;G8A;  ;;
166662;GY9;  ;;
166686;G8A;  ;;
166686;GY9;  ;;
166698;G8A;  ;;
166698;GY9;  ;;
166704;G8A;  ;;
166704;GY9;  ;;
166716;G8A;  ;;
166716;GY9;  ;;
166728;G8A;  ;;
166728;GY9;  ;;
166730;G8A;  ;;
166730;GY9;  ;;
166741;G8A;  ;;
166741;GY9;  ;;
166753;G8A;  ;;
166753;GY9;  ;;
166765;GY9;  ;;
166765;G8A;  ;;
166777;G8A;  ;;
166777;GY9;  ;;
166789;G8A;  ;;
166789;GY9;  ;;
166790;G8A;  ;;
166790;GY9;  ;;
166807;G8A;  ;;
166807;GY9;  ;;
166819;G8A;  ;;
166819;GY9;  ;;
166820;G8A;  ;;
166820;GY9;  ;;
166832;G8A;  ;;
166832;GY9;  ;;
166844;G8A;  ;;
166844;GY9;  ;;
166856;G8A;  ;;
166856;GY9;  ;;
166868;G8A;  ;;
166868;GY9;  ;;
166870;G8A;  ;;
166870;GY9;  ;;
166881;G8A;  ;;
166881;GY9;  ;;
166893;G8A;  ;;
166893;GY9;  ;;
166900;GY9;  ;;
166900;G8A;  ;;
166911;G8A;  ;;
166911;GY9;  ;;
166923;G8A;  ;;
166923;GY9;  ;;
166935;G8A;  ;;
166935;GY9;  ;;
166947;G8A;  ;;
166947;GY9;  ;;
166959;G8A;  ;;
166959;GY9;  ;;
166960;G8A;  ;;
166960;GY9;  ;;
166996;G8A;  ;;
166996;GY9;  ;;
167009;G8A;  ;;
167009;GY9;  ;;
167010;G8A;  ;;
167010;GY9;  ;;
167022;G8A;  ;;
167022;GY9;  ;;
167034;G8A;  ;;
167034;GY9;  ;;
167046;G8A;  ;;
167046;GY9;  ;;
167058;G8A;  ;;
167058;GY9;  ;;
167060;G8A;  ;;
167060;GY9;  ;;
167071;G8A;  ;;
167071;GY9;  ;;
167083;G8A;  ;;
167083;GY9;  ;;
167095;G8A;  ;;
167095;GY9;  ;;
167101;G8A;  ;;
167101;GY9;  ;;
167113;G8A;  ;;
167113;GY9;  ;;
167125;GY9;  ;;
167125;G8A;  ;;
167137;GY9;  ;;
167137;G8A;  ;;
167149;GY9;  ;;
167149;G8A;  ;;
167150;G8A;  ;;
167150;GY9;  ;;
167162;G8A;  ;;
167162;GY9;  ;;
167186;G8A;  ;;
167186;GY9;  ;;
167198;GY9;  ;;
167198;G8A;  ;;
167204;G8A;  ;;
167204;GY9;  ;;
167216;G8A;  ;;
167216;GY9;  ;;
167228;G8A;  ;;
167228;GY9;  ;;
167241;GY9;  ;;
167241;G8A;  ;;
167253;GY9;  ;;
167253;G8A;  ;;
167265;G8A;  ;;
167265;GY9;  ;;
167277;G8A;  ;;
167277;GY9;  ;;
167289;G8A;  ;;
167289;GY9;  ;;
167290;G8A;  ;;
167290;GY9;  ;;
167307;G8A;  ;;
167307;GY9;  ;;
167319;G8A;  ;;
167319;GY9;  ;;
167320;G8A;  ;;
167320;GY9;  ;;
167332;G8A;  ;;
167332;GY9;  ;;
167344;G8A;  ;;
167344;GY9;  ;;
167356;G8A;  ;;
167356;GY9;  ;;
167368;G8A;  ;;
167368;GY9;  ;;
167370;G8A;  ;;
167370;GY9;  ;;
167381;G8A;  ;;
167381;GY9;  ;;
167393;G8A;  ;;
167393;GY9;  ;;
167400;G8A;  ;;
167400;GY9;  ;;
167411;GY9;  ;;
167411;G8A;  ;;
167423;GY9;  ;;
167423;G8A;  ;;
167435;GY9;  ;;
167435;G8A;  ;;
167447;GY9;  ;;
167447;G8A;  ;;
167459;GY9;  ;;
167459;G8A;  ;;
167460;GY9;  ;;
167460;G8A;  ;;
167472;GY9;  ;;
167472;G8A;  ;;
167484;G8A;  ;;
167484;GY9;  ;;
167496;GY9;  ;;
167496;G8A;  ;;
167502;G8A;  ;;
167502;GY9;  ;;
167514;G8A;  ;;
167514;GY9;  ;;
167526;G8A;  ;;
167526;GY9;  ;;
167538;G8A;  ;;
167538;GY9;  ;;
167540;G8A;  ;;
167540;GY9;  ;;
167551;G8A;  ;;
167551;GY9;  ;;
167563;G8A;  ;;
167563;GY9;  ;;
167575;G8A;  ;;
167575;GY9;  ;;
167587;GY9;  ;;
167587;G8A;  ;;
167599;G8A;  ;;
167599;GY9;  ;;
167605;G8A;  ;;
167605;GY9;  ;;
167629;GY9;  ;;
167629;G8A;  ;;
167630;G8A;  ;;
167630;GY9;  ;;
167642;G8A;  ;;
167642;GY9;  ;;
167654;G8A;  ;;
167654;GY9;  ;;
167666;G8A;  ;;
167666;GY9;  ;;
167678;G8A;  ;;
167678;GY9;  ;;
167680;G8A;  ;;
167680;GY9;  ;;
167691;G8A;  ;;
167691;GY9;  ;;
167708;G8A;  ;;
167708;GY9;  ;;
167710;G8A;  ;;
167710;GY9;  ;;
167721;G8A;  ;;
167721;GY9;  ;;
167733;G8A;  ;;
167733;GY9;  ;;
167745;G8A;  ;;
167745;GY9;  ;;
167757;G8A;  ;;
167757;GY9;  ;;
167770;G8A;  ;;
167770;GY9;  ;;
167782;G8A;  ;;
167782;GY9;  ;;
167794;GY9;  ;;
167794;GY9;EZ;;
167794;GY9;LB;;
167794;GY9;SB;;
167800;G8A;  ;;
167800;GY9;  ;;
167812;G8A;  ;;
167812;GY9;  ;;
167824;G8A;  ;;
167824;GY9;  ;;
167836;G8A;  ;;
167836;GY9;  ;;
167848;G8A;  ;;
167848;GY9;  ;;
167850;G8A;  ;;
167850;GY9;  ;;
167861;G8A;  ;;
167861;GY9;  ;;
167873;G8A;  ;;
167873;GY9;  ;;
167885;G8A;  ;;
167885;GY9;  ;;
167897;G8A;  ;;
167897;GY9;  ;;
167903;G8A;  ;;
167903;GY9;  ;;
167915;G8A;  ;;
167915;GY9;  ;;
167927;G8A;  ;;
167927;GY9;  ;;
167939;G8A;  ;;
167939;GY9;  ;;
167940;G8A;  ;;
167940;GY9;  ;;
167952;G8A;  ;;
167952;GY9;  ;;
167976;G8A;  ;;
167976;GY9;  ;;
167988;G8A;  ;;
167988;GY9;  ;;
167990;G8A;  ;;
167990;GY9;  ;;
168002;G8A;  ;;
168002;GY9;  ;;
168014;G8A;  ;;
168014;GY9;  ;;
168026;G8A;  ;;
168026;GY9;  ;;
168038;G8A;  ;;
168038;GY9;  ;;
168040;G8A;  ;;
168040;GY9;  ;;
168051;G8A;  ;;
168051;GY9;  ;;
168063;G8A;  ;;
168063;GY9;  ;;
168075;G8A;  ;;
168075;GY9;  ;;
168087;G8A;  ;;
168087;GY9;  ;;
168099;G8A;  ;;
168099;GY9;  ;;
168105;G8A;  ;;
168105;GY9;  ;;
168117;G8A;  ;;
168117;GY9;  ;;
168129;G8A;  ;;
168129;GY9;  ;;
168130;G8A;  ;;
168130;GY9;  ;;
168142;G8A;  ;;
168142;GY9;  ;;
168154;G8A;  ;;
168154;GY9;  ;;
168154;G01;  ;;
168166;G8A;  ;;
168166;GY9;  ;;
168178;G8A;  ;;
168178;GY9;  ;;
168178;GY9;EZ;;
168178;GY9;LB;;
168178;GY9;SB;;
168180;GY9;EZ;;
168180;GY9;LB;;
168180;GY9;SB;;
168180;G8A;  ;;
168180;GY9;  ;;
168191;GY9;  ;;
168191;G8A;  ;;
168208;G8A;  ;;
168208;GY9;  ;;
168210;G8A;  ;;
168210;GY9;  ;;
168221;G8A;  ;;
168221;GY9;  ;;
168233;GY9;  ;;
168233;G8A;  ;;
168245;GY9;  ;;
168245;G8A;  ;;
168257;GY9;  ;;
168257;G8A;  ;;
168269;GY9;  ;;
168269;G8A;  ;;
168270;G8A;  ;;
168270;GY9;  ;;
168270;GY9;LB;;
168270;GY9;SB;;
168270;GY9;EZ;;
168282;GY9;  ;;
168294;G8A;  ;;
168294;GY9;  ;;
168312;G8A;  ;;
168312;GY9;  ;;
168336;G8A;  ;;
168336;GY9;  ;;
168348;GY9;  ;;
168348;G8A;  ;;
168350;G8A;  ;;
168350;GY9;  ;;
168361;G8A;  ;;
168361;GY9;  ;;
168373;G8A;  ;;
168373;GY9;  ;;
168385;G8A;  ;;
168385;GY9;  ;;
168397;G8A;  ;;
168397;GY9;  ;;
168403;G8A;  ;;
168403;GY9;  ;;
168415;GY9;  ;;
168415;G8A;  ;;
168427;G8A;  ;;
168427;GY9;  ;;
168439;GY9;  ;;
168439;G8A;  ;;
168440;GY9;  ;;
168440;G8A;  ;;
168452;GY9;  ;;
168452;G8A;  ;;
168464;GY9;  ;;
168464;G8A;  ;;
168476;GY9;  ;;
168476;G8A;  ;;
168490;G8A;  ;;
168490;GY9;  ;;
168506;G8A;  ;;
168506;GY9;  ;;
168518;GY9;  ;;
168518;G8A;  ;;
168520;G8A;  ;;
168520;GY9;  ;;
168531;G8A;  ;;
168531;GY9;  ;;
168543;G8A;  ;;
168543;GY9;  ;;
168555;G8A;  ;;
168555;GY9;  ;;
168567;G8A;  ;;
168567;GY9;  ;;
168579;GY8;  ;;
168580;G8A;  ;;
168580;GY9;  ;;
168592;G8A;  ;;
168592;GY9;  ;;
168592;GY9;LB;;
168592;GY9;SB;;
168592;GY9;EZ;;
168610;G8A;  ;;
168610;GY9;  ;;
168622;G8A;  ;;
168622;GY9;  ;;
168634;G8A;  ;;
168634;GY9;  ;;
168646;G8A;  ;;
168646;GY9;  ;;
168658;G8A;  ;;
168658;GY9;  ;;
168660;G8A;  ;;
168660;GY9;  ;;
168683;G8A;  ;;
168683;GY9;  ;;
168683;GY9;LB;;
168683;GY9;SB;;
168683;GY9;EZ;;
168695;G8A;  ;;
168695;GY9;  ;;
168701;G8A;  ;;
168701;GY9;  ;;
168701;GY9;LB;;
168701;GY9;SB;;
168701;GY9;EZ;;
168713;G8A;  ;;
168713;GY9;  ;;
168725;G8A;  ;;
168725;GY9;  ;;
168737;G8A;  ;;
168737;GY9;  ;;
168749;G8A;  ;;
168749;GY9;  ;;
168750;G8A;  ;;
168750;GY9;  ;;
168762;G8A;  ;;
168762;GY9;  ;;
168774;G8A;  ;;
168774;GY9;  ;;
168786;G8A;  ;;
168786;GY9;  ;;
168786;GY9;LB;;
168786;GY9;SB;;
168786;GY9;EZ;;
168798;G8A;  ;;
168798;GY9;  ;;
168804;GY9;  ;;
168816;G8A;  ;;
168816;GY9;  ;;
168828;G8A;  ;;
168828;GY9;  ;;
168830;GY9;  ;;
168853;G8A;  ;;
168853;GY9;  ;;
168865;G8A;  ;;
168865;GY9;  ;;
168877;G8A;  ;;
168877;GY9;  ;;
168877;GY9;LB;;
168877;GY9;SB;;
168877;GY9;EZ;;
168889;GY9;LB;;
168889;GY9;SB;;
168889;GY9;EZ;;
168889;G8A;  ;;
168889;GY9;  ;;
168890;G8A;  ;;
168890;GY9;  ;;
168907;G8A;  ;;
168907;GY9;  ;;
168920;G8A;  ;;
168920;GY9;  ;;
168932;G8A;  ;;
168932;GY9;  ;;
168932;GY9;LB;;
168932;GY9;SB;;
168932;GY9;EZ;;
168944;G8A;  ;;
168944;GY9;  ;;
168956;G8A;  ;;
168956;GY9;  ;;
168956;GY9;LB;;
168956;GY9;SB;;
168956;GY9;EZ;;
168970;GY9;LB;;
168970;GY9;SB;;
168970;GY9;EZ;;
168970;G8A;  ;;
168970;GY9;  ;;
168981;G8A;  ;;
168981;GY9;  ;;
168993;G8A;  ;;
168993;GY9;  ;;
168993;GY9;LB;;
168993;GY9;SB;;
168993;GY9;EZ;;
169006;G8A;  ;;
169006;GY9;  ;;
169018;G8A;  ;;
169018;GY9;  ;;
169020;G8A;  ;;
169020;GY9;  ;;
169031;G8A;  ;;
169031;GY9;  ;;
169043;G8A;  ;;
169043;GY9;  ;;
169055;G8A;  ;;
169055;GY9;  ;;
169067;G8A;  ;;
169067;GY9;  ;;
169079;G8A;  ;;
169079;GY9;  ;;
169080;G8A;  ;;
169080;GY9;  ;;
169092;G8A;  ;;
169092;GY9;  ;;
169109;G8A;  ;;
169109;GY9;  ;;
169110;G8A;  ;;
169110;GY9;  ;;
169110;GY9;SB;;
169110;GY9;EZ;;
169110;GY9;LB;;
169122;G8A;  ;;
169122;GY9;  ;;
169134;G8A;  ;;
169134;GY9;  ;;
169158;G8A;  ;;
169158;GY9;  ;;
169160;G8A;  ;;
169160;GY9;  ;;
169160;GY9;EZ;;
169160;GY9;LB;;
169160;GY9;SB;;
169171;G8A;  ;;
169171;GY9;  ;;
169183;G8A;  ;;
169183;GY9;  ;;
169213;G8A;  ;;
169213;GY9;  ;;
169225;G8A;  ;;
169225;GY9;  ;;
169237;G8A;  ;;
169237;GY9;  ;;
169249;G8A;  ;;
169249;GY9;  ;;
169250;G8A;  ;;
169250;GY9;  ;;
169274;G8A;  ;;
169274;GY9;  ;;
169274;GY9;EZ;;
169274;GY9;LB;;
169274;GY9;SB;;
169286;GY9;EZ;;
169286;GY9;LB;;
169286;GY9;SB;;
169286;G8A;  ;;
169286;GY9;  ;;
169298;G8A;  ;;
169298;GY9;  ;;
169298;GY9;EZ;;
169298;GY9;LB;;
169298;GY9;SB;;
169304;G8A;  ;;
169304;GY9;  ;;
169316;G8A;  ;;
169316;GY9;  ;;
169328;G8A;  ;;
169328;GY9;  ;;
169328;GY9;EZ;;
169328;GY9;LB;;
169328;GY9;SB;;
169330;GY9;EZ;;
169330;GY9;LB;;
169330;GY9;SB;;
169330;G8A;  ;;
169330;GY9;  ;;
169341;G8A;  ;;
169341;GY9;  ;;
169341;GY9;EZ;;
169341;GY9;LB;;
169341;GY9;SB;;
169353;G8A;  ;;
169353;GY9;  ;;
169390;G8A;  ;;
169390;GY9;  ;;
169390;GY9;EZ;;
169390;GY9;LB;;
169390;GY9;SB;;
169407;GY9;EZ;;
169407;GY9;LB;;
169407;GY9;SB;;
169407;G8A;  ;;
169407;GY9;  ;;
169419;G8A;  ;;
169419;GY9;  ;;
169420;G8A;  ;;
169420;GY9;  ;;
169456;G8A;  ;;
169456;GY9;  ;;
169468;G8A;  ;;
169468;GY9;  ;;
169470;G8A;  ;;
169470;GY9;  ;;
169481;G8A;  ;;
169481;GY9;  ;;
169481;GY9;EZ;;
169481;GY9;LB;;
169481;GY9;SB;;
169493;G8A;  ;;
169493;GY9;  ;;
169511;G8A;  ;;
169511;GY9;  ;;
169523;G8A;  ;;
169523;GY9;  ;;
169559;G8A;  ;;
169559;GY9;  ;;
169560;G8A;  ;;
169560;GY9;  ;;
169560;GY9;EZ;;
169560;GY9;LB;;
169560;GY9;SB;;
169572;GY9;EZ;;
169572;GY9;LB;;
169572;GY9;SB;;
169572;G8A;  ;;
169572;GY9;  ;;
169584;G8A;  ;;
169584;GY9;  ;;
169596;G8A;  ;;
169596;GY9;  ;;
169596;GY9;EZ;;
169596;GY9;LB;;
169596;GY9;SB;;
169602;GY9;EZ;;
169602;GY9;LB;;
169602;GY9;SB;;
169602;G8A;  ;;
169602;GY9;  ;;
169614;G8A;  ;;
169614;GY9;  ;;
169614;GY9;EZ;;
169614;GY9;LB;;
169614;GY9;SB;;
169626;GY9;EZ;;
169626;GY9;LB;;
169626;GY9;SB;;
169626;G8A;  ;;
169626;GY9;  ;;
169638;G8A;  ;;
169638;GY9;  ;;
169638;GY9;EZ;;
169638;GY9;LB;;
169638;GY9;SB;;
169640;G8A;  ;;
169640;GY9;  ;;
169663;G8A;  ;;
169663;GY9;  ;;
169663;GY9;EZ;;
169663;GY9;LB;;
169663;GY9;SB;;
169675;GY9;EZ;;
169675;GY9;LB;;
169675;GY9;SB;;
169675;G8A;  ;;
169675;GY9;  ;;
169687;G8A;  ;;
169687;GY9;  ;;
169687;GY9;EZ;;
169687;GY9;LB;;
169687;GY9;SB;;
169699;GY9;  ;;
169699;G8A;  ;;
169705;G8A;  ;;
169705;GY9;  ;;
169717;G8A;  ;;
169717;GY9;  ;;
169717;GY9;EZ;;
169717;GY9;LB;;
169717;GY9;SB;;
169729;GY9;EZ;;
169729;GY9;LB;;
169729;GY9;SB;;
169729;G8A;  ;;
169729;GY9;  ;;
169730;G8A;  ;;
169730;GY9;  ;;
169730;GY9;EZ;;
169730;GY9;LB;;
169730;GY9;SB;;
169754;G8A;  ;;
169754;GY9;  ;;
169766;G8A;  ;;
169766;GY9;  ;;
169766;GY9;EZ;;
169766;GY9;LB;;
169766;GY9;SB;;
169778;GY9;EZ;;
169778;GY9;LB;;
169778;GY9;SB;;
169778;G8A;  ;;
169778;GY9;  ;;
169780;G8A;  ;;
169780;GY9;  ;;
169780;GY9;EZ;;
169780;GY9;LB;;
169780;GY9;SB;;
169791;GY9;EZ;;
169791;GY9;LB;;
169791;GY9;SB;;
169791;G8A;  ;;
169791;GY9;  ;;
169808;G8A;  ;;
169808;GY9;  ;;
169810;G8A;  ;;
169810;GY9;  ;;
169833;G8A;  ;;
169833;GY9;  ;;
169833;GY9;EZ;;
169833;GY9;LB;;
169833;GY9;SB;;
169845;G8A;  ;;
169845;GY9;  ;;
169857;G8A;  ;;
169857;GY9;  ;;
169882;G01;  ;;
169894;G8A;  ;;
169894;GY9;  ;;
169894;GY9;EZ;;
169894;GY9;LB;;
169894;GY9;SB;;
169900;G8A;  ;;
169900;GY9;  ;;
169912;G8A;  ;;
169912;GY9;  ;;
169912;GY9;EZ;;
169912;GY9;LB;;
169912;GY9;SB;;
169924;GY9;EZ;;
169924;GY9;LB;;
169924;GY9;SB;;
169924;G8A;  ;;
169924;GY9;  ;;
169948;G8A;  ;;
169948;GY9;  ;;
169948;GY9;EZ;;
169948;GY9;LB;;
169948;GY9;SB;;
169950;GY9;EZ;;
169950;GY9;LB;;
169950;GY9;SB;;
169950;G8A;  ;;
169950;GY9;  ;;
169961;G8A;  ;;
169961;GY9;  ;;
169973;G8A;  ;;
169973;GY9;  ;;
169985;G8A;  ;;
169985;GY9;  ;;
169997;G8A;  ;;
169997;GY9;  ;;
169997;GY9;EZ;;
169997;GY9;LB;;
169997;GY9;SB;;
170008;GY9;EZ;;
170008;GY9;LB;;
170008;GY9;SB;;
170008;G8A;  ;;
170008;GY9;  ;;
170010;G8A;  ;;
170010;GY9;  ;;
170010;GY9;EZ;;
170010;GY9;LB;;
170010;GY9;SB;;
170021;GY9;EZ;;
170021;GY9;LB;;
170021;GY9;SB;;
170021;G8A;  ;;
170021;GY9;  ;;
170033;G8A;  ;;
170033;GY9;  ;;
170033;GY9;EZ;;
170033;GY9;LB;;
170033;GY9;SB;;
170069;G8A;  ;;
170069;GY9;  ;;
170070;G8A;  ;;
170070;GY9;  ;;
170070;GY9;EZ;;
170070;GY9;LB;;
170070;GY9;SB;;
170082;GY9;EZ;;
170082;GY9;LB;;
170082;GY9;SB;;
170082;G8A;  ;;
170082;GY9;  ;;
170094;G8A;  ;;
170094;GY9;  ;;
170112;GY9;  ;;
170112;G8A;  ;;
170124;G8A;  ;;
170124;GY9;  ;;
170136;G8A;  ;;
170136;GY9;  ;;
170148;G8A;  ;;
170148;GY9;  ;;
170150;G8A;  ;;
170150;GY9;  ;;
170161;G8A;  ;;
170161;GY9;  ;;
170173;G8A;  ;;
170173;GY9;  ;;
170173;GY9;EZ;;
170173;GY9;LB;;
170173;GY9;SB;;
170197;G8A;  ;;
170197;GY9;  ;;
170197;GY9;EZ;;
170197;GY9;LB;;
170197;GY9;SB;;
170203;G8A;  ;;
170203;GY9;  ;;
170215;G8A;  ;;
170215;GY9;  ;;
170215;GY9;EZ;;
170215;GY9;LB;;
170215;GY9;SB;;
170227;G8A;  ;;
170227;GY9;  ;;
170239;GY9;  ;;
170239;G8A;  ;;
170239;GY9;EZ;;
170239;GY9;LB;;
170239;GY9;SB;;
170240;GY9;EZ;;
170240;GY9;LB;;
170240;GY9;SB;;
170240;G8A;  ;;
170240;GY9;  ;;
170252;G8A;  ;;
170252;GY9;  ;;
170264;G8A;  ;;
170264;GY9;  ;;
170276;G8A;  ;;
170276;GY9;  ;;
170276;GY9;EZ;;
170276;GY9;LB;;
170276;GY9;SB;;
170290;G8A;  ;;
170290;GY9;  ;;
170306;G8A;  ;;
170306;GY9;  ;;
170318;G8A;  ;;
170318;GY9;  ;;
170320;G8A;  ;;
170320;GY9;  ;;
170331;G8A;  ;;
170331;GY9;  ;;
170331;GY9;EZ;;
170331;GY9;LB;;
170331;GY9;SB;;
170343;GY9;EZ;;
170343;GY9;LB;;
170343;GY9;SB;;
170343;GY9;  ;;
170367;G8A;  ;;
170367;GY9;  ;;
170367;GY9;EZ;;
170367;GY9;LB;;
170367;GY9;SB;;
170379;G8A;  ;;
170379;GY9;  ;;
170380;G8A;  ;;
170380;GY9;  ;;
170380;GY9;EZ;;
170380;GY9;LB;;
170380;GY9;SB;;
170392;GY9;EZ;;
170392;GY9;LB;;
170392;GY9;SB;;
170392;G8A;  ;;
170392;GY9;  ;;
170409;G8A;  ;;
170409;GY9;  ;;
170409;GY9;EZ;;
170409;GY9;LB;;
170409;GY9;SB;;
170410;GY9;EZ;;
170410;GY9;LB;;
170410;GY9;SB;;
170410;G8A;  ;;
170410;GY9;  ;;
170422;G8A;  ;;
170422;GY9;  ;;
170434;G8A;  ;;
170434;GY9;  ;;
170434;GY9;EZ;;
170434;GY9;LB;;
170434;GY9;SB;;
170446;GY9;EZ;;
170446;GY9;LB;;
170446;GY9;SB;;
170446;G8A;  ;;
170446;GY9;  ;;
170458;G8A;  ;;
170458;GY9;  ;;
170458;GY9;EZ;;
170458;GY9;LB;;
170458;GY9;SB;;
170460;GY9;EZ;;
170460;GY9;LB;;
170460;GY9;SB;;
170460;G8A;  ;;
170460;GY9;  ;;
170471;G8A;  ;;
170471;GY9;  ;;
170471;GY9;EZ;;
170471;GY9;LB;;
170471;GY9;SB;;
170483;G8A;  ;;
170483;GY9;  ;;
170483;GY9;EZ;;
170483;GY9;LB;;
170483;GY9;SB;;
170495;G8A;  ;;
170495;GY9;  ;;
170501;G8A;  ;;
170501;GY9;  ;;
170513;G02;  ;;
170537;G02;  ;;
170562;G02;  ;;
170562;R02;  ;;
170574;G02;  ;;
170574;K02;  ;;
170574;R02;  ;;
170586;G02;  ;;
170586;R02;  ;;
170598;G02;  ;;
170598;K02;  ;;
170604;G02;  ;;
170604;K02;  ;;
170628;K02;  ;;
170630;K02;  ;;
170641;K02;  ;;
170641;R02;  ;;
170653;K02;  ;;
170665;G02;  ;;
170665;K02;  ;;
170677;K02;  ;;
170689;K02;  ;;
170690;K02;  ;;
170720;G02;  ;;
170720;K02;  ;;
170732;G02;  ;;
170732;K02;  ;;
175882;   ;EZ;;
175924;   ;KB;;
175924;   ;EZ;;
176138;   ;EZ;;
176138;   ;KB;;
176138;   ;LB;;
177672;   ;BL;;
177672;   ;EZ;;
177672;   ;GB;;
177672;   ;GH;;
177672;   ;KB;;
177672;   ;LB;;
177672;   ;SG;;
177672;   ;SH;;
178494;   ;EZ;;
178494;   ;GB;;
178494;   ;KB;;
178494;   ;LB;;
181274;   ;EZ;;
181274;   ;GB;;
181274;   ;GH;;
181274;   ;KB;;
181274;   ;LB;;
181274;   ;SG;;
181420;   ;KB;;
182151;   ;BL;;
182151;   ;LB;;
183040;G8A;  ;;
183040;GY9;  ;;
183052;G02;  ;;
183052;K02;  ;;
183052;R02;  ;;
183076;   ;EZ;;
183076;   ;LB;;
183076;   ;SB;;
183131;   ;GB;;
183143;   ;GB;;
183167;G8A;  ;;
183167;GY9;  ;;
183167;GY9;EZ;;
183167;GY9;LB;;
183167;GY9;SB;;
183180;   ;GB;;
183210;   ;EZ;;
183222;   ;KB;;
183260;   ;EZ;;
183260;   ;LB;;
183260;   ;SB;;
183283;GY9;  ;;
183283;G8A;  ;;
183301;   ;LB;;
183301;   ;SB;;
183301;   ;EZ;;
183337;RKB;  ;;
183398;   ;GB;;
183404;   ;GB;;
183428;   ;GB;;
183453;   ;EZ;;
183490;   ;KB;;
183532;G8A;  ;;
183532;GY9;  ;;
183544;   ;EZ;;
183568;GY9;  ;;
183568;G8A;  ;;
183647;   ;KB;;
183659;   ;KB;;
183684;GY9;  ;;
183696;   ;EZ;;
183702;   ;GB;;
183714;GY9;  ;;
183714;G8A;  ;;
183726;   ;LB;;
183726;   ;SB;;
183726;   ;EZ;;
183726;   ;GB;;
183726;   ;KB;;
183726;   ;GH;;
183726;   ;SG;;
183726;   ;SH;;
183726;   ;BL;;
183738;   ;LB;;
183738;   ;SB;;
183738;   ;EZ;;
183738;   ;GB;;
183738;   ;KB;;
183738;   ;GH;;
183738;   ;SG;;
183738;   ;SH;;
183738;   ;BL;;
183740;GY9;  ;;
183740;G8A;  ;;
183751;   ;KB;;
183763;   ;GB;;
183775;G8A;  ;;
183775;GY9;  ;;
183787;G8A;  ;;
183787;GY9;  ;;
183799;   ;EZ;;
183854;   ;LB;;
183854;   ;SB;;
183854;   ;EZ;;
183854;   ;KB;;
183854;   ;GH;;
183854;   ;SG;;
183854;   ;SH;;
183854;   ;BL;;
183878;   ;GB;;
183908;   ;GB;;
183910;G8A;  ;;
183910;GY9;  ;;
183957;   ;LB;;
183957;   ;SB;;
183957;   ;EZ;;
184019;   ;EZ;;
184019;   ;LB;;
184019;   ;SB;;
184032;   ;GB;;
184056;   ;GB;;
184135;   ;GB;;
184159;G8A;  ;;
184159;GY9;  ;;
184160;   ;EZ;;
184160;   ;LB;;
184160;   ;SB;;
184214;G02;  ;;
184240;   ;LB;;
184240;   ;SB;;
184240;   ;EZ;;
184240;   ;GB;;
184240;   ;SH;;
184240;   ;BL;;
184263;   ;GB;;
184275;   ;KB;;
184287;   ;LB;;
184287;   ;SB;;
184287;   ;EZ;;
184287;   ;KB;;
184287;   ;GH;;
184287;   ;SG;;
184287;   ;SH;;
184287;   ;BL;;
184305;   ;KB;;
184305;   ;XX;;
184342;   ;LB;;
184342;   ;SB;;
184342;   ;EZ;;
184380;   ;LB;;
184380;   ;SB;;
184380;   ;EZ;;
184408;   ;GB;;
184421;   ;EZ;;
184445;   ;GB;;
184457;   ;EZ;;
184457;   ;LB;;
184457;   ;SB;;
184500;   ;LB;;
184500;   ;SB;;
184500;   ;EZ;;
184512;G02;  ;;
184512;K02;  ;;
184512;R02;  ;;
184524;   ;GB;;
184536;   ;GB;;
184548;   ;EZ;;
184548;   ;LB;;
184548;   ;SB;;
184550;   ;EZ;;
184550;   ;LB;;
184550;   ;SB;;
184585;   ;GB;;
184597;   ;GB;;
184603;R02;  ;;
184615;   ;LB;;
184615;   ;SB;;
184615;   ;EZ;;
184627;   ;GB;;
184639;   ;GB;;
184640;G8A;  ;;
184640;GY9;  ;;
184652;GY9;  ;;
184664;G8A;  ;;
184664;GY9;  ;;
184676;G8A;  ;;
184676;GY9;  ;;
184688;G8A;  ;;
184688;GY9;  ;;
184690;G8A;  ;;
184690;GY9;  ;;
184706;G8A;  ;;
184706;GY9;  ;;
184731;G8A;  ;;
184731;GY9;  ;;
184809;   ;GB;;
184810;   ;EZ;;
184858;GY9;  ;;
184858;G8A;  ;;
184871;K02;  ;;
184883;   ;LB;;
184883;   ;EZ;;
184883;   ;SB;;
184913;   ;LB;;
184913;   ;SB;;
184913;   ;EZ;;
184913;   ;KB;;
184913;   ;GH;;
184913;   ;SG;;
184913;   ;SH;;
184913;   ;BL;;
184937;   ;LB;;
184937;   ;SB;;
184937;   ;EZ;;
184937;   ;GB;;
184937;   ;KB;;
184937;   ;GH;;
184937;   ;SG;;
184937;   ;SH;;
184937;   ;BL;;
184962;   ;GB;;
184998;   ;GB;;
185036;   ;KR;;
185050;   ;LB;;
185073;   ;GB;;
185097;   ;SB;;
185139;   ;KB;;
185140;   ;GB;;
185152;   ;SB;;
185176;   ;LB;;
185176;   ;SB;;
185176;   ;EZ;;
185176;   ;KB;;
185176;   ;GH;;
185176;   ;SG;;
185176;   ;SH;;
185176;   ;BL;;
185188;   ;LB;;
185188;   ;SB;;
185188;   ;EZ;;
185190;   ;LB;;
185190;   ;SB;;
185190;   ;EZ;;
185206;   ;SB;;
185218;   ;LB;;
185218;   ;SB;;
185218;   ;EZ;;
185220;   ;LB;;
185220;   ;SB;;
185220;   ;EZ;;
185255;GY9;  ;;
185255;G8A;  ;;
185267;   ;EZ;;
185267;   ;LB;;
185267;   ;SB;;
185292;   ;SB;;
185309;   ;GB;;
185310;   ;LB;;
185310;   ;SB;;
185310;   ;EZ;;
185310;   ;GB;;
185310;   ;KB;;
185310;   ;GH;;
185310;   ;SG;;
185310;   ;SH;;
185310;   ;BL;;
185322;G8A;  ;;
185322;GY9;  ;;
185334;   ;GB;;
185360;G8A;  ;;
185360;GY9;  ;;
185371;   ;GB;;
185437;G8A;  ;;
185437;GY9;  ;;
185498;   ;GB;;
185504;   ;GB;;
185530;   ;GB;;
185565;   ;GB;;
185607;G8A;  ;;
185607;GY9;  ;;
185656;   ;EZ;;
185668;   ;GB;;
185711;   ;EZ;;
185711;   ;LB;;
185711;   ;SB;;
185723;   ;KB;;
185735;   ;GH;;
185735;   ;SG;;
185772;   ;EZ;;
185772;   ;LB;;
185772;   ;SB;;
185796;   ;SB;;
185802;   ;EZ;;
185802;   ;LB;;
185802;   ;SB;;
185826;G02;  ;;
185826;K02;  ;;
185851;   ;EZ;;
185851;   ;LB;;
185851;   ;SB;;
185863;   ;EZ;;
185863;   ;LB;;
185863;   ;SB;;
185875;   ;LB;;
185875;   ;SB;;
185875;   ;EZ;;
185887;   ;SB;;
185899;   ;GB;;
185905;   ;GB;;
185917;   ;GB;;
185930;   ;GB;;
185978;   ;GB;;
185991;   ;GB;;
186004;G8A;  ;;
186004;GY9;  ;;
186016;G8A;  ;;
186016;GY9;  ;;
186028;   ;LB;;
186030;   ;GB;;
186065;   ;SB;;
186089;   ;GB;;
186132;   ;EZ;;
186132;   ;LB;;
186144;   ;SB;;
186156;   ;GB;;
186168;   ;SB;;
186181;   ;GB;;
186211;   ;GB;;
186223;   ;GB;;
186235;   ;GB;;
186272;   ;GB;;
186302;   ;GB;;
186314;   ;GB;;
186338;   ;GB;;
186363;   ;GB;;
186375;   ;LB;;
186375;   ;SB;;
186375;   ;EZ;;
186387;   ;GB;;
186405;   ;GB;;
186417;   ;GB;;
186429;   ;GB;;
186430;   ;LB;;
186430;   ;SB;;
186430;   ;EZ;;
186480;   ;GB;;
186491;   ;GB;;
186510;   ;SB;;
186582;   ;EZ;;
186582;   ;GB;;
186582;   ;LB;;
186582;   ;SB;;
186594;   ;GB;;
186600;   ;KR;;
186661;   ;EZ;;
186661;   ;LB;;
186697;   ;EZ;;
186715;   ;GB;;
186727;   ;GB;;
186739;   ;GB;;
186740;   ;EZ;;
186740;   ;LB;;
186740;   ;SB;;
186788;   ;GH;;
186831;G8A;  ;;
186831;GY9;  ;;
186879;   ;EZ;;
186946;   ;GH;;
186946;   ;SG;;
186958;   ;BL;;
186958;   ;SH;;
186960;   ;LB;;
186960;   ;SB;;
186960;   ;EZ;;
186971;   ;GB;;
186995;   ;SB;;
187021;   ;EZ;;
187021;   ;LB;;
187021;   ;SB;;
187033;   ;GB;;
187057;   ;KR;;
187069;   ;SB;;
187070;   ;LB;;
187070;   ;SB;;
187070;   ;EZ;;
187094;   ;EZ;;
187100;   ;KR;;
187112;   ;EZ;;
187148;   ;SB;;
187150;   ;SB;;
187185;   ;EZ;;
187185;   ;LB;;
187197;   ;GB;;
187197;   ;LB;;
187203;   ;EZ;;
187215;GY9;  ;;
187215;G8A;  ;;
187227;   ;EZ;;
187227;   ;LB;;
187227;   ;SB;;
187239;   ;KB;;
187239;   ;KR;;
187264;   ;GB;;
187320;   ;KR;;
187367;   ;LB;;
187367;   ;SB;;
187367;   ;EZ;;
187392;   ;EZ;;
187392;   ;LB;;
187434;   ;SB;;
187458;   ;EZ;;
187460;   ;EZ;;
187471;   ;EZ;;
187471;   ;GB;;
187471;   ;LB;;
187483;   ;KR;;
187513;   ;KB;;
187525;   ;SB;;
187550;   ;KB;;
187562;   ;KB;;
187574;   ;KB;;
187628;   ;SB;;
187653;   ;GB;;
187665;   ;SB;;
187719;   ;SB;;
187720;   ;BL;;
187720;   ;SH;;
187756;   ;EZ;;
187770;   ;EZ;;
187770;   ;LB;;
187770;   ;SB;;
187781;   ;EZ;;
187781;   ;LB;;
187781;   ;SB;;
187823;   ;SB;;
187860;   ;SB;;
187872;   ;EZ;;
187872;   ;KB;;
187872;   ;LB;;
187896;   ;SB;;
187902;   ;LB;;
187902;   ;SB;;
187902;   ;EZ;;
187902;   ;KB;;
187902;   ;GH;;
187902;   ;SG;;
187902;   ;SH;;
187902;   ;BL;;
187926;   ;GH;;
187926;   ;SB;;
187926;   ;SG;;
187940;   ;KR;;
187975;   ;GB;;
188001;G02;  ;;
188001;K02;  ;;
188001;R02;  ;;
188013;   ;KR;;
188025;   ;GB;;
188037;   ;SB;;
188037;   ;LB;;
188062;   ;SB;;
188098;   ;LB;;
188098;   ;SB;;
188098;   ;EZ;;
188128;   ;LB;;
188128;   ;EZ;;
188128;   ;SB;;
188141;   ;EZ;;
188141;   ;LB;;
188141;   ;SB;;
188153;   ;EZ;;
188153;   ;LB;;
188153;   ;SB;;
188165;   ;LB;;
188165;   ;SB;;
188165;   ;EZ;;
188165;   ;GH;;
188165;   ;SG;;
188165;   ;SH;;
188165;   ;BL;;
188177;   ;EZ;;
188177;   ;LB;;
188177;   ;SB;;
188189;   ;EZ;;
188189;   ;LB;;
188189;   ;SB;;
188190;   ;LB;;
188190;   ;SB;;
188190;   ;EZ;;
188207;   ;EZ;;
188207;   ;LB;;
188207;   ;SB;;
188219;   ;EZ;;
188219;   ;LB;;
188219;   ;SB;;
188220;   ;EZ;;
188220;   ;LB;;
188220;   ;SB;;
188232;   ;EZ;;
188232;   ;LB;;
188232;   ;SB;;
188256;   ;LB;;
188256;   ;SB;;
188293;   ;EZ;;
188293;   ;LB;;
188293;   ;SB;;
188300;   ;EZ;;
188300;   ;LB;;
188300;   ;SB;;
188311;   ;EZ;;
188311;   ;LB;;
188311;   ;SB;;
188335;   ;SB;;
188359;   ;SB;;
188360;   ;SB;;
188372;   ;LB;;
188372;   ;SB;;
188402;   ;EZ;;
188414;   ;SB;;
188426;   ;EZ;;
188463;   ;SB;;
188487;   ;EZ;;
188487;   ;LB;;
188499;   ;EZ;;
188499;   ;LB;;
188499;   ;SB;;
188517;   ;EZ;;
188517;   ;LB;;
188517;   ;SB;;
188554;   ;LB;;
188554;   ;SB;;
188554;   ;EZ;;
188566;   ;SB;;
188591;   ;BL;;
188591;   ;GH;;
188591;   ;SG;;
188591;   ;SH;;
188608;   ;SB;;
188633;   ;EZ;;
188645;   ;GB;;
188682;   ;EZ;;
188682;   ;KB;;
188682;   ;SB;;
188682;   ;SG;;
188700;   ;EZ;;
188700;   ;LB;;
188700;   ;SB;;
188712;   ;EZ;;
188712;   ;LB;;
188712;   ;SB;;
188736;   ;LB;;
188736;   ;SB;;
188736;   ;EZ;;
188748;   ;EZ;;
188748;   ;LB;;
188748;   ;SB;;
188761;   ;SB;;
188785;   ;KR;;
188803;   ;LB;;
188803;   ;SB;;
188803;   ;EZ;;
188815;   ;KR;;
188827;   ;EZ;;
188827;   ;LB;;
188827;   ;SB;;
188839;   ;LB;;
188839;   ;SB;;
188839;   ;EZ;;
188876;   ;LB;;
188876;   ;SB;;
188876;   ;EZ;;
188888;   ;EZ;;
188888;   ;LB;;
188888;   ;SB;;
188890;   ;EZ;;
188890;   ;LB;;
188890;   ;SB;;
188906;   ;KR;;
188918;   ;EZ;;
188920;   ;SB;;
188931;   ;SB;;
188943;   ;SB;;
188955;   ;KR;;
188967;   ;KR;;
188979;   ;KR;;
188992;   ;EZ;;
189005;   ;EZ;;
189005;   ;LB;;
189017;   ;EZ;;
189017;   ;LB;;
189017;   ;SB;;
189030;   ;GB;;
189078;   ;EZ;;
189078;   ;LB;;
189078;   ;SB;;
189080;   ;EZ;;
189080;   ;LB;;
189080;   ;SB;;
189108;   ;LB;;
189108;   ;SB;;
189108;   ;EZ;;
189110;   ;LB;;
189110;   ;SB;;
189110;   ;EZ;;
189110;   ;GH;;
189110;   ;SG;;
189110;   ;SH;;
189110;   ;BL;;
189121;   ;BL;;
189121;   ;EZ;;
189121;   ;GB;;
189121;   ;GH;;
189121;   ;KB;;
189121;   ;LB;;
189121;   ;SB;;
189121;   ;SG;;
189121;   ;SH;;
189133;   ;EZ;;
189133;   ;LB;;
189133;   ;SB;;
189145;   ;EZ;;
189145;   ;LB;;
189145;   ;SB;;
189170;   ;EZ;;
189170;   ;LB;;
189170;   ;SB;;
189194;G8A;  ;;
189194;GY9;  ;;
189200;   ;EZ;;
189212;   ;EZ;;
189224;   ;EZ;;
189236;   ;SB;;
189248;   ;SB;;
189250;   ;EZ;;
189250;   ;LB;;
189250;   ;SB;;
189261;   ;EZ;;
189261;   ;LB;;
189261;   ;SB;;
189273;   ;EZ;;
189273;   ;LB;;
189273;   ;SB;;
189285;   ;EZ;;
189285;   ;LB;;
189285;   ;SB;;
189297;   ;EZ;;
189297;   ;LB;;
189297;   ;SB;;
189303;   ;EZ;;
189303;   ;LB;;
189303;   ;SB;;
189315;   ;LB;;
189315;   ;SB;;
189315;   ;EZ;;
189339;   ;EZ;;
189339;   ;LB;;
189339;   ;SB;;
189352;   ;EZ;;
189388;   ;EZ;;
189390;   ;LB;;
189390;   ;SB;;
189390;   ;EZ;;
189390;   ;KB;;
189406;   ;LB;;
189406;   ;SB;;
189406;   ;EZ;;
189406;   ;GB;;
189406;   ;KB;;
189406;   ;GH;;
189406;   ;SG;;
189406;   ;SH;;
189406;   ;BL;;
189455;   ;EZ;;
189455;   ;LB;;
189455;   ;SB;;
189467;   ;SB;;
189480;   ;EZ;;
189480;   ;LB;;
189480;   ;SB;;
189509;   ;LB;;
189509;   ;SB;;
189509;   ;EZ;;
189522;   ;LB;;
189522;   ;SB;;
189522;   ;EZ;;
189522;   ;GH;;
189522;   ;SG;;
189522;   ;SH;;
189522;   ;BL;;
189546;   ;KR;;
189558;   ;EZ;;
189558;   ;LB;;
189558;   ;SB;;
189560;   ;EZ;;
189560;   ;LB;;
189560;   ;SB;;
189571;   ;EZ;;
189571;   ;LB;;
189571;   ;SB;;
189583;   ;EZ;;
189583;   ;LB;;
189583;   ;SB;;
189595;   ;EZ;;
189595;   ;LB;;
189595;   ;SB;;
189601;   ;EZ;;
189601;   ;LB;;
189601;   ;SB;;
189649;   ;EZ;;
189662;   ;EZ;;
189674;   ;KR;;
189686;   ;LB;;
189686;   ;SB;;
189686;   ;EZ;;
189698;   ;LB;;
189698;   ;SB;;
189698;   ;EZ;;
189698;   ;GB;;
189698;   ;KB;;
189698;   ;GH;;
189698;   ;SG;;
189698;   ;SH;;
189698;   ;BL;;
189716;   ;SB;;
189728;   ;EZ;;
189728;   ;LB;;
189728;   ;SB;;
189730;   ;LB;;
189730;   ;SB;;
189730;   ;EZ;;
189741;   ;SB;;
189765;   ;SB;;
189807;   ;EZ;;
189807;   ;LB;;
189807;   ;SB;;
189819;   ;EZ;;
189819;   ;LB;;
189819;   ;SB;;
189820;   ;EZ;;
189820;   ;LB;;
189820;   ;SB;;
189832;   ;EZ;;
189832;   ;LB;;
189832;   ;SB;;
189844;   ;EZ;;
189844;   ;LB;;
189844;   ;SB;;
189856;   ;EZ;;
189856;   ;LB;;
189856;   ;SB;;
189870;   ;EZ;;
189870;   ;LB;;
189870;   ;SB;;
189911;   ;EZ;;
189911;   ;LB;;
189911;   ;SB;;
189923;   ;EZ;;
189923;   ;LB;;
189923;   ;SB;;
189935;   ;EZ;;
189935;   ;LB;;
189935;   ;SB;;
189947;   ;EZ;;
189947;   ;LB;;
189947;   ;SB;;
189959;   ;LB;;
189959;   ;SB;;
189959;   ;EZ;;
189959;   ;GH;;
189959;   ;SG;;
189959;   ;SH;;
189959;   ;BL;;
189960;   ;EZ;;
189960;   ;LB;;
189960;   ;SB;;
189984;   ;EZ;;
189984;   ;LB;;
189984;   ;SB;;
190007;   ;EZ;;
190007;   ;LB;;
190007;   ;SB;;
190019;   ;EZ;;
190019;   ;LB;;
190019;   ;SB;;
190020;   ;EZ;;
190020;   ;LB;;
190020;   ;SB;;
190032;   ;EZ;;
190032;   ;LB;;
190032;   ;SB;;
190044;G02;  ;;
190044;K02;  ;;
190044;R02;  ;;
190070;   ;LB;;
190070;   ;SB;;
190070;   ;EZ;;
190093;   ;EZ;;
190093;   ;LB;;
190093;   ;SB;;
190093;   ;GB;;
190093;   ;KB;;
190093;   ;GH;;
190093;   ;SG;;
190093;   ;SH;;
190093;   ;BL;;
190123;   ;SB;;
190159;   ;SB;;
190172;   ;KR;;
190202;   ;SB;;
190214;   ;EZ;;
190214;   ;GB;;
190214;   ;LB;;
190214;   ;SB;;
190238;   ;EZ;;
190238;   ;LB;;
190238;   ;SB;;
190251;   ;LB;;
190251;   ;SB;;
190251;   ;EZ;;
190251;   ;GH;;
190251;   ;SG;;
190263;   ;LB;;
190263;   ;SB;;
190263;   ;EZ;;
190275;GY9;EZ;;
190275;GY9;LB;;
190275;GY9;SB;;
190275;G8A;  ;;
190275;GY9;  ;;
190287;   ;LB;;
190287;   ;SB;;
190287;   ;EZ;;
190317;   ;EZ;;
190317;   ;LB;;
190317;   ;SB;;
190330;   ;LB;;
190330;   ;SB;;
190330;   ;EZ;;
190354;GY9;  ;;
190354;   ;EZ;;
190354;   ;LB;;
190354;   ;SB;;
190354;G8A;  ;;
190354;GY9;EZ;;
190354;GY9;LB;;
190354;GY9;SB;;
190378;   ;LB;;
190378;   ;SB;;
190378;   ;EZ;;
190380;   ;LB;;
190408;G02;  ;;
190410;   ;EZ;;
190410;   ;LB;;
190410;   ;SB;;
190469;G02;  ;;
190469;K02;  ;;
190469;R02;  ;;
190482;   ;LB;;
190482;   ;SB;;
190482;   ;EZ;;
190512;   ;EZ;;
190524;   ;LB;;
190524;   ;SB;;
190524;   ;EZ;;
190561;   ;KR;;
190615;G8A;  ;;
190615;GY9;  ;;
190615;GY9;EZ;;
190615;GY9;LB;;
190615;GY9;SB;;
190627;R02;  ;;
190639;G8A;  ;;
190639;GY9;  ;;
190652;   ;EZ;;
190652;   ;LB;;
190652;   ;SB;;
190664;   ;LB;;
190664;   ;SB;;
190664;   ;EZ;;
190664;   ;KB;;
190664;   ;GH;;
190664;   ;SG;;
190664;   ;SH;;
190664;   ;BL;;
190676;   ;EZ;;
190676;   ;LB;;
190676;   ;SB;;
190688;   ;LB;;
190688;   ;SB;;
190688;   ;EZ;;
190688;   ;GB;;
190688;   ;KB;;
190688;   ;GH;;
190688;   ;SG;;
190688;   ;SH;;
190688;   ;BL;;
190706;   ;LB;;
190706;   ;SB;;
190706;   ;EZ;;
190706;   ;KB;;
190706;   ;GH;;
190706;   ;SG;;
190706;   ;SH;;
190706;   ;BL;;
190718;   ;EZ;;
190718;   ;LB;;
190718;   ;SB;;
190720;   ;EZ;;
190720;   ;LB;;
190720;   ;SB;;
190809;   ;BL;;
190809;   ;EZ;;
190809;   ;GB;;
190809;   ;GH;;
190809;   ;KB;;
190809;   ;LB;;
190809;   ;SB;;
190809;   ;SG;;
190809;   ;SH;;
190810;G8A;  ;;
190810;GY9;  ;;
190834;   ;SB;;
190846;   ;LB;;
190846;   ;SB;;
190846;   ;EZ;;
190895;   ;EZ;;
190895;   ;LB;;
190895;   ;SB;;
190913;   ;EZ;;
190913;   ;LB;;
190913;   ;SB;;
190962;G02;  ;;
190962;R02;  ;;
190986;   ;EZ;;
190986;   ;LB;;
190986;   ;SB;;
190998;   ;EZ;;
190998;   ;LB;;
190998;   ;SB;;
191000;   ;EZ;;
191000;   ;LB;;
191000;   ;SB;;
191012;   ;EZ;;
191012;   ;LB;;
191012;   ;SB;;
191024;   ;EZ;;
191024;   ;LB;;
191024;   ;SB;;
191036;   ;EZ;;
191036;   ;LB;;
191036;   ;SB;;
191048;   ;EZ;;
191048;   ;LB;;
191048;   ;SB;;
191048;   ;SG;;
191073;G02;  ;;
191073;K02;  ;;
191073;R02;  ;;
191097;   ;SB;;
191115;   ;EZ;;
191139;G8A;  ;;
191139;GY9;  ;;
191140;G8A;  ;;
191140;GY9;  ;;
191176;   ;EZ;;
191188;   ;LB;;
191188;   ;SB;;
191188;   ;EZ;;
191188;   ;GB;;
191188;   ;KB;;
191188;   ;GH;;
191188;   ;SG;;
191188;   ;SH;;
191188;   ;BL;;
191190;   ;EZ;;
191190;   ;LB;;
191190;   ;SB;;
191231;   ;EZ;;
191231;   ;LB;;
191231;   ;SB;;
191243;   ;LB;;
191243;   ;SB;;
191243;   ;EZ;;
191243;   ;GB;;
191243;   ;KB;;
191243;   ;GH;;
191243;   ;SG;;
191243;   ;SH;;
191243;   ;BL;;
191322;   ;LB;;
191322;   ;SB;;
191322;   ;EZ;;
191334;   ;EZ;;
191334;   ;LB;;
191334;   ;SB;;
191358;G8A;  ;;
191358;GY9;  ;;
191360;   ;SB;;
191383;   ;LB;;
191383;   ;SB;;
191383;   ;EZ;;
191395;   ;EZ;;
191395;   ;LB;;
191395;   ;SB;;
191401;   ;LB;;
191401;   ;SB;;
191401;   ;EZ;;
191401;   ;GB;;
191401;   ;KB;;
191401;   ;GH;;
191401;   ;SG;;
191401;   ;SH;;
191401;   ;BL;;
191425;G8A;  ;;
191425;GY9;  ;;
191437;GY9;  ;;
191437;G8A;  ;;
191474;   ;EZ;;
191474;   ;LB;;
191474;   ;SB;;
191486;   ;EZ;;
191486;   ;LB;;
191486;   ;SB;;
191504;   ;EZ;;
191504;   ;LB;;
191504;   ;SB;;
191553;   ;EZ;;
191553;   ;LB;;
191553;   ;SB;;
191577;   ;EZ;;
191589;G8A;  ;;
191589;GY9;  ;;
191619;   ;EZ;;
191620;   ;EZ;;
191620;   ;LB;;
191632;   ;SB;;
191644;   ;EZ;;
191644;   ;LB;;
191644;   ;SB;;
191668;   ;EZ;;
191668;   ;LB;;
191668;   ;SB;;
191670;   ;GB;;
191693;G8A;  ;;
191693;GY9;  ;;
191700;GY9;  ;;
191700;G8A;  ;;
191711;G8A;  ;;
191711;GY9;  ;;
191747;   ;SB;;
191759;   ;EZ;;
191826;   ;EZ;;
191826;   ;LB;;
191826;   ;SB;;
191838;   ;EZ;;
191838;   ;LB;;
191851;   ;LB;;
191851;   ;SB;;
191851;   ;EZ;;
191851;   ;GB;;
191851;   ;KB;;
191851;   ;GH;;
191851;   ;SG;;
191851;   ;SH;;
191851;   ;BL;;
191863;   ;EZ;;
191863;   ;LB;;
191863;   ;SB;;
191929;   ;LB;;
191929;   ;SB;;
191929;   ;EZ;;
191929;   ;GB;;
191929;   ;KB;;
191929;   ;GH;;
191929;   ;SG;;
191929;   ;SH;;
191929;   ;BL;;
191930;   ;LB;;
191930;   ;SB;;
191930;   ;EZ;;
191942;   ;EZ;;
191942;   ;LB;;
191942;   ;SB;;
191942;   ;KB;;
191942;   ;GH;;
191942;   ;SG;;
191942;   ;SH;;
191942;   ;BL;;
191980;   ;LB;;
191980;   ;SB;;
191980;   ;EZ;;
192016;   ;EZ;;
192053;G8A;  ;;
192053;GY9;  ;;
192090;GY9;  ;;
192090;G8A;  ;;
192119;   ;EZ;;
192119;   ;LB;;
192119;   ;SB;;
192119;   ;KB;;
192119;   ;GH;;
192119;   ;SG;;
192119;   ;SH;;
192119;   ;BL;;
192132;   ;EZ;;
192132;   ;LB;;
192132;   ;SB;;
192168;GY9;EZ;;
192168;GY9;LB;;
192168;GY9;SB;;
192168;G8A;  ;;
192168;GY9;  ;;
192193;   ;EZ;;
192193;   ;LB;;
192193;   ;SB;;
192200;   ;EZ;;
192223;   ;LB;;
192223;   ;SB;;
192223;   ;EZ;;
192284;   ;EZ;;
192326;G8A;  ;;
192326;GY9;  ;;
192387;   ;KR;;
192405;   ;EZ;;
192405;   ;LB;;
192405;   ;SB;;
192491;G8A;  ;;
192491;GY9;  ;;
192569;   ;EZ;;
192569;   ;KR;;
192569;   ;LB;;
192594;   ;EZ;;
192594;   ;LB;;
192594;   ;SB;;
192600;G8A;  ;;
192600;GY9;  ;;
192636;   ;EZ;;
192661;   ;LB;;
192661;   ;SB;;
192661;   ;EZ;;
192685;   ;LB;;
192685;   ;SB;;
192685;   ;EZ;;
192739;   ;LB;;
192739;   ;SB;;
192739;   ;EZ;;
192752;G8A;  ;;
192752;GY9;  ;;
192776;   ;EZ;;
192776;   ;LB;;
192776;   ;SB;;
192806;   ;EZ;;
192806;   ;LB;;
192806;   ;SB;;
192820;   ;EZ;;
192820;   ;LB;;
192820;   ;SB;;
192831;   ;LB;;
192831;   ;SB;;
192831;   ;EZ;;
192910;   ;KB;;
192922;   ;EZ;;
193010;   ;LB;;
193010;   ;SB;;
193010;   ;EZ;;
193045;   ;EZ;;
193045;   ;GB;;
193045;   ;LB;;
193045;   ;SB;;
193057;   ;EZ;;
193057;   ;GB;;
193057;   ;KB;;
193057;   ;LB;;
193057;   ;SB;;
193069;   ;KR;;
193094;   ;EZ;;
193150;   ;LB;;
193150;   ;SB;;
193150;   ;EZ;;
193185;   ;EZ;;
193203;   ;EZ;;
193203;   ;LB;;
193203;   ;SB;;
193227;   ;EZ;;
193227;   ;LB;;
193227;   ;SB;;
193227;   ;KB;;
193227;   ;GH;;
193227;   ;SG;;
193227;   ;SH;;
193227;   ;BL;;
193240;   ;EZ;;
193240;   ;LB;;
193240;   ;SB;;
193240;   ;KB;;
193240;   ;GH;;
193240;   ;SG;;
193240;   ;SH;;
193240;   ;BL;;
193252;   ;EZ;;
193252;   ;LB;;
193252;   ;SB;;
193276;   ;KR;;
193276;   ;LB;;
193290;G02;  ;;
193290;R02;  ;;
193318;   ;EZ;;
193355;   ;EZ;;
193355;   ;LB;;
193355;   ;SB;;
193458;   ;LB;;
193458;   ;SB;;
193458;   ;EZ;;
193458;   ;GB;;
193458;   ;KB;;
193458;   ;GH;;
193458;   ;SG;;
193458;   ;SH;;
193458;   ;BL;;
193495;   ;LB;;
193495;   ;SB;;
193495;   ;EZ;;
193501;   ;EZ;;
193501;   ;LB;;
193501;   ;SB;;
193513;G8A;  ;;
193513;GY9;  ;;
193550;G8A;  ;;
193550;GY9;  ;;
193630;   ;LB;;
193630;   ;SB;;
193630;   ;EZ;;
193641;   ;EZ;;
193641;   ;LB;;
193641;   ;SB;;
193653;   ;GB;;
193665;G8A;  ;;
193665;GY9;  ;;
193719;   ;EZ;;
193719;   ;LB;;
193719;   ;SB;;
193744;   ;EZ;;
193744;   ;LB;;
193744;   ;SB;;
193811;   ;LB;;
193811;   ;SB;;
193811;   ;EZ;;
193811;   ;GB;;
193811;   ;KB;;
193811;   ;GH;;
193811;   ;SG;;
193811;   ;SH;;
193811;   ;BL;;
193872;   ;LB;;
193872;   ;SB;;
193872;   ;EZ;;
193902;   ;EZ;;
193914;G8A;  ;;
193914;GY9;  ;;
193938;   ;EZ;;
193938;   ;LB;;
193938;   ;SB;;
194025;G8A;  ;;
194025;GY9;  ;;
194037;   ;EZ;;
194037;   ;LB;;
194050;   ;LB;;
194050;   ;SB;;
194050;   ;EZ;;
194050;   ;GH;;
194050;   ;SG;;
194050;   ;SH;;
194050;   ;BL;;
194116;   ;EZ;;
194128;   ;EZ;;
194130;G8A;  ;;
194130;GY9;  ;;
194130;GY9;EZ;;
194130;GY9;LB;;
194130;GY9;SB;;
194141;   ;EZ;;
194141;   ;LB;;
194141;   ;SB;;
194153;   ;LB;;
194153;   ;SB;;
194153;   ;EZ;;
194153;H  ;  ;;
194177;   ;EZ;;
194177;   ;LB;;
194177;   ;SB;;
194190;   ;KR;;
194219;G8A;  ;;
194219;GY9;  ;;
194219;GY9;LB;;
194219;GY9;SB;;
194219;GY9;EZ;;
194220;   ;GB;;
194220;   ;KB;;
194220;   ;LB;;
194220;   ;SB;;
194232;G8A;  ;;
194232;GY9;  ;;
194256;G8A;  ;;
194256;GY9;  ;;
194268;   ;LB;;
194268;   ;SB;;
194268;   ;EZ;;
194293;   ;LB;;
194293;   ;SB;;
194293;   ;EZ;;
194360;   ;EZ;;
194372;   ;EZ;;
194372;   ;GB;;
194372;   ;KB;;
194372;   ;LB;;
194372;   ;SB;;
194372;   ;SG;;
194372;   ;SH;;
194402;   ;EZ;;
194402;   ;GB;;
194402;   ;GH;;
194402;   ;KB;;
194402;   ;LB;;
194402;   ;SB;;
194402;   ;SH;;
194451;   ;LB;;
194451;   ;SB;;
194451;   ;EZ;;
194475;   ;SB;;
194487;   ;EZ;;
194487;   ;LB;;
194487;   ;SB;;
194542;   ;EZ;;
194566;   ;EZ;;
194566;   ;LB;;
194566;   ;SB;;
194578;   ;EZ;;
194578;   ;LB;;
194578;   ;SB;;
194580;   ;EZ;;
194669;   ;EZ;;
194670;G8A;  ;;
194670;GY9;  ;;
194670;GY9;EZ;;
194670;GY9;LB;;
194670;GY9;SB;;
194682;   ;LB;;
194682;   ;SB;;
194682;   ;EZ;;
194736;   ;GH;;
194736;   ;SG;;
194750;   ;GB;;
194750;   ;GH;;
194750;   ;SG;;
194761;   ;GH;;
194761;   ;SG;;
194773;   ;KR;;
194803;   ;EZ;;
194815;   ;GH;;
194815;   ;SG;;
194839;H  ;  ;;
194839;   ;EZ;;
194839;   ;LB;;
194839;   ;SB;;
194852;   ;EZ;;
194864;   ;EZ;;
194864;   ;LB;;
194864;   ;SB;;
194906;   ;LB;;
194906;   ;SB;;
194906;   ;EZ;;
194931;   ;EZ;;
194931;   ;LB;;
194931;   ;SB;;
194955;G8A;  ;;
194955;GY9;  ;;
194979;   ;EZ;;
194980;   ;GB;;
195066;   ;KB;;
195121;   ;EZ;;
195133;   ;GB;;
195157;   ;EZ;;
195170;   ;KR;;
195182;   ;LB;;
195182;   ;SB;;
195182;   ;EZ;;
195261;RKB;  ;;
195285;GY8;  ;;
195303;G8A;  ;;
195303;GY9;  ;;
195315;   ;KR;;
195376;G8A;  ;;
195376;GY9;  ;;
195390;G8A;  ;;
195390;GY9;  ;;
195406;G8A;  ;;
195406;GY9;  ;;
195431;GY9;  ;;
195443;   ;KB;;
195522;   ;EZ;;
195522;   ;GB;;
195522;   ;LB;;
195583;G02;  ;;
195583;K02;  ;;
195583;R02;  ;;
195625;G8A;  ;;
195625;GY9;  ;;
195674;   ;EZ;;
195704;   ;EZ;;
195704;   ;LB;;
195704;   ;SB;;
195728;   ;LB;;
195728;   ;SB;;
195728;   ;EZ;;
195728;   ;GB;;
195728;   ;KB;;
195728;   ;GH;;
195728;   ;SG;;
195728;   ;SH;;
195728;   ;BL;;
195765;   ;EZ;;
195789;   ;EZ;;
195789;   ;GB;;
195789;   ;LB;;
195789;   ;SB;;
195819;G8A;  ;;
195819;GY9;  ;;
195832;G8A;  ;;
195832;GY9;  ;;
195893;   ;EZ;;
195893;   ;GB;;
195893;   ;KB;;
195893;   ;LB;;
195893;   ;SB;;
195911;   ;LB;;
195911;   ;SB;;
195911;   ;EZ;;
195947;G8A;  ;;
195947;GY9;  ;;
195959;   ;LB;;
195959;   ;SB;;
195959;   ;EZ;;
195959;   ;KB;;
195959;   ;GH;;
195959;   ;SG;;
195959;   ;SH;;
195959;   ;BL;;
195960;   ;EZ;;
195960;   ;LB;;
195960;   ;SB;;
195972;   ;GB;;
196083;G8A;  ;;
196083;GY9;  ;;
196174;   ;EZ;;
196174;   ;LB;;
196174;   ;SB;;
196186;   ;EZ;;
196186;   ;LB;;
196186;   ;SB;;
196198;GS5;  ;;
196198;GS6;  ;;
196198;GS7;  ;;
196198;GS5;EZ;;
196198;GS5;LB;;
196198;GS5;SB;;
196198;GS6;EZ;;
196198;GS6;LB;;
196198;GS6;SB;;
196198;GS7;EZ;;
196198;GS7;LB;;
196198;GS7;SB;;
196216;GS5;EZ;;
196216;GS5;LB;;
196216;GS5;SB;;
196216;GS6;EZ;;
196216;GS6;LB;;
196216;GS6;SB;;
196216;GS7;EZ;;
196216;GS7;LB;;
196216;GS7;SB;;
196216;GS5;  ;;
196216;GS6;  ;;
196216;GS7;  ;;
196216;OST;  ;;
196228;   ;LB;;
196228;   ;SB;;
196228;   ;EZ;;
196228;   ;GB;;
196228;   ;KB;;
196228;   ;GH;;
196228;   ;SG;;
196228;   ;SH;;
196228;   ;BL;;
196265;GS5;  ;;
196265;GS6;  ;;
196265;GS7;  ;;
196277;GS5;  ;;
196277;GS6;  ;;
196277;GS7;  ;;
196277;GS5;EZ;;
196277;GS5;LB;;
196277;GS5;SB;;
196277;GS6;EZ;;
196277;GS6;LB;;
196277;GS6;SB;;
196277;GS7;EZ;;
196277;GS7;LB;;
196277;GS7;SB;;
196289;   ;LB;;
196289;   ;SB;;
196289;   ;EZ;;
196289;   ;GB;;
196289;   ;KB;;
196289;   ;GH;;
196289;   ;SG;;
196289;   ;SH;;
196289;   ;BL;;
196290;   ;LB;;
196290;   ;SB;;
196290;   ;EZ;;
196290;   ;KB;;
196290;   ;GH;;
196290;   ;SG;;
196290;   ;SH;;
196290;   ;BL;;
196320;GS5;EZ;;
196320;GS5;LB;;
196320;GS5;SB;;
196320;GS6;EZ;;
196320;GS6;LB;;
196320;GS6;SB;;
196320;GS7;EZ;;
196320;GS7;LB;;
196320;GS7;SB;;
196320;GS5;  ;;
196320;GS6;  ;;
196320;GS7;  ;;
196356;GS5;  ;;
196356;GS6;  ;;
196356;GS7;  ;;
196356;GS5;EZ;;
196356;GS5;LB;;
196356;GS5;SB;;
196356;GS6;EZ;;
196356;GS6;LB;;
196356;GS6;SB;;
196356;GS7;EZ;;
196356;GS7;LB;;
196356;GS7;SB;;
196400;GS5;  ;;
196400;GS6;  ;;
196400;GS7;  ;;
196400;GS5;EZ;;
196400;GS5;LB;;
196400;GS5;SB;;
196400;GS6;EZ;;
196400;GS6;LB;;
196400;GS6;SB;;
196400;GS7;EZ;;
196400;GS7;LB;;
196400;GS7;SB;;
196423;   ;EZ;;
196423;   ;LB;;
196423;   ;SB;;
196423;   ;GB;;
196423;   ;KB;;
196423;   ;GH;;
196423;   ;SG;;
196423;   ;SH;;
196423;   ;BL;;
196484;   ;EZ;;
196484;   ;LB;;
196484;   ;SB;;
196630;   ;LB;;
196654;   ;LB;;
196654;   ;SB;;
196654;   ;EZ;;
196666;   ;EZ;;
196666;   ;LB;;
196666;   ;SB;;
196678;ST ;  ;;
196708;SI ;  ;;
196708;SI ;EZ;;
196708;SI ;LB;;
196708;SI ;SB;;
196708;SI ;KB;;
196710;   ;EZ;;
196710;   ;LB;;
196710;   ;SB;;
196710;   ;KB;;
196710;   ;GH;;
196710;   ;SG;;
196710;   ;SH;;
196710;   ;BL;;
196721;   ;LB;;
196721;   ;SB;;
196721;   ;EZ;;
196721;   ;KB;;
196721;   ;GH;;
196721;   ;SG;;
196721;   ;SH;;
196721;   ;BL;;
196745;   ;LB;;
196745;   ;SB;;
196745;   ;EZ;;
196745;   ;GB;;
196745;   ;KB;;
196757;   ;EZ;;
196757;   ;LB;;
196757;   ;SB;;
196770;ST ;  ;;
196770;ST ;EZ;;
196770;ST ;LB;;
196770;ST ;SB;;
196782;SI ;  ;;
196794;   ;EZ;;
196794;   ;LB;;
196794;   ;SB;;
196800;SI ;  ;;
196800;SI ;EZ;;
196800;SI ;LB;;
196800;SI ;SB;;
196812;ST ;LB;;
196812;ST ;SB;;
196812;ST ;EZ;;
196812;ST ;  ;;
196824;   ;LB;;
196824;   ;SB;;
196824;   ;EZ;;
196836;ST ;EZ;;
196836;ST ;LB;;
196836;ST ;SB;;
196836;ST ;  ;;
196848;ST ;  ;;
196848;ST ;LB;;
196848;ST ;SB;;
196848;ST ;EZ;;
196850;ST ;EZ;;
196850;ST ;LB;;
196850;ST ;SB;;
196850;ST ;  ;;
196861;   ;EZ;;
196861;   ;LB;;
196861;   ;SB;;
196873;ST ;LB;;
196873;ST ;SB;;
196873;ST ;EZ;;
196873;ST ;  ;;
196885;   ;LB;;
196885;   ;SB;;
196885;   ;EZ;;
196897;ST ;  ;;
196903;SKG;  ;;
196903;SKH;  ;;
196903;SKR;  ;;
196915;   ;EZ;;
196915;   ;LB;;
196915;   ;SB;;
196927;ST ;LB;;
196927;ST ;SB;;
196927;ST ;EZ;;
196927;ST ;  ;;
196940;   ;LB;;
196940;   ;SB;;
196940;   ;EZ;;
196976;SI ;EZ;;
196976;SI ;LB;;
196976;SI ;SB;;
196976;SI ;  ;;
196988;ST ;  ;;
196988;ST ;EZ;;
196988;ST ;LB;;
196988;ST ;SB;;
196990;ST ;EZ;;
196990;ST ;LB;;
196990;ST ;SB;;
196990;ST ;  ;;
197014;ST ;  ;;
197014;ST ;EZ;;
197014;ST ;LB;;
197014;ST ;SB;;
197026;SI ;EZ;;
197026;SI ;LB;;
197026;SI ;SB;;
197026;SI ;  ;;
197038;SI ;  ;;
197038;ST ;  ;;
197038;SI ;EZ;;
197038;SI ;LB;;
197038;SI ;SB;;
197051;ST ;  ;;
197051;ST ;EZ;;
197051;ST ;LB;;
197051;ST ;SB;;
197063;ST ;  ;;
197063;ST ;EZ;;
197063;ST ;LB;;
197063;ST ;SB;;
197105;ST ;EZ;;
197105;ST ;LB;;
197105;ST ;SB;;
197105;ST ;  ;;
197117;ST ;  ;;
197117;ST ;EZ;;
197117;ST ;LB;;
197117;ST ;SB;;
197129;ST ;EZ;;
197129;ST ;LB;;
197129;ST ;SB;;
197129;ST ;  ;;
197130;ST ;  ;;
197130;ST ;EZ;;
197130;ST ;LB;;
197130;ST ;SB;;
197142;   ;EZ;;
197142;   ;LB;;
197142;   ;SB;;
197154;   ;EZ;;
197154;   ;LB;;
197154;   ;SB;;
197166;ST ;EZ;;
197166;ST ;LB;;
197166;ST ;SB;;
197166;ST ;  ;;
197178;ST ;  ;;
197178;ST ;EZ;;
197178;ST ;LB;;
197178;ST ;SB;;
197180;ST ;EZ;;
197180;ST ;LB;;
197180;ST ;SB;;
197180;ST ;  ;;
197191;ST ;  ;;
197208;SI ;  ;;
197208;SI ;EZ;;
197208;SI ;LB;;
197208;SI ;SB;;
197210;SI ;EZ;;
197210;SI ;LB;;
197210;SI ;SB;;
197210;SI ;  ;;
197221;   ;EZ;;
197221;   ;LB;;
197221;   ;SB;;
197233;ST ;EZ;;
197233;ST ;LB;;
197233;ST ;SB;;
197233;ST ;GB;;
197233;ST ;KB;;
197233;ST ;GH;;
197233;ST ;SG;;
197233;ST ;SH;;
197233;ST ;BL;;
197233;ST ;  ;;
197245;ST ;  ;;
197245;ST ;EZ;;
197245;ST ;LB;;
197245;ST ;SB;;
197245;ST ;GB;;
197245;ST ;KB;;
197245;ST ;GH;;
197245;ST ;SG;;
197245;ST ;BL;;
197245;ST ;SH;;
197257;ST ;EZ;;
197257;ST ;LB;;
197257;ST ;SB;;
197257;ST ;GB;;
197257;ST ;KB;;
197257;ST ;GH;;
197257;ST ;SG;;
197257;ST ;SH;;
197257;ST ;BL;;
197257;ST ;  ;;
197282;SI ;  ;;
197282;SI ;EZ;;
197282;SI ;LB;;
197282;SI ;SB;;
197294;SI ;  ;;
197294;SI ;EZ;;
197294;SI ;LB;;
197294;SI ;SB;;
197300;ST ;EZ;;
197300;ST ;LB;;
197300;ST ;SB;;
197300;ST ;GB;;
197300;ST ;KB;;
197300;ST ;GH;;
197300;ST ;SG;;
197300;ST ;SH;;
197300;ST ;BL;;
197300;ST ;  ;;
197312;   ;EZ;;
197312;   ;LB;;
197312;   ;SB;;
197348;   ;LB;;
197348;   ;SB;;
197348;   ;EZ;;
197348;   ;KB;;
197350;   ;EZ;;
197350;   ;LB;;
197350;   ;SB;;
197350;   ;GB;;
197350;   ;KB;;
197350;   ;GH;;
197350;   ;SG;;
197350;   ;SH;;
197350;   ;BL;;
197361;SI ;  ;;
197385;   ;GB;;
197397;   ;EZ;;
197397;   ;LB;;
197397;   ;SB;;
197427;   ;EZ;;
197439;   ;KR;;
197490;   ;EZ;;
197490;   ;LB;;
197490;   ;SB;;
197579;   ;LB;;
197580;ST ;  ;;
197580;ST ;EZ;;
197580;ST ;LB;;
197580;ST ;SB;;
197609;ST ;LB;;
197609;ST ;SB;;
197609;ST ;EZ;;
197609;ST ;  ;;
197622;   ;LB;;
197622;   ;SB;;
197622;   ;EZ;;
197634;   ;LB;;
197634;   ;SB;;
197634;   ;EZ;;
197658;   ;LB;;
197658;   ;SB;;
197658;   ;EZ;;
197660;ST ;LB;;
197660;ST ;SB;;
197660;ST ;EZ;;
197660;ST ;  ;;
197671;ST ;  ;;
197671;ST ;EZ;;
197671;ST ;LB;;
197671;ST ;SB;;
197683;   ;EZ;;
197683;   ;LB;;
197683;   ;SB;;
197695;   ;LB;;
197695;   ;SB;;
197695;   ;EZ;;
197701;ST ;EZ;;
197701;ST ;LB;;
197701;ST ;SB;;
197701;ST ;KB;;
197701;ST ;GH;;
197701;ST ;SG;;
197701;ST ;BL;;
197701;ST ;SH;;
197701;ST ;  ;;
197725;ST ;  ;;
197725;ST ;EZ;;
197725;ST ;LB;;
197725;ST ;SB;;
197725;ST ;GH;;
197725;ST ;SG;;
197737;   ;EZ;;
197737;   ;LB;;
197737;   ;SB;;
197737;   ;GB;;
197737;   ;KB;;
197737;   ;GH;;
197737;   ;SG;;
197737;   ;SH;;
197737;   ;BL;;
197749;   ;EZ;;
197749;   ;LB;;
197749;   ;SB;;
197750;   ;EZ;;
197750;   ;LB;;
197750;   ;SB;;
197750;   ;GB;;
197750;   ;KB;;
197750;   ;GH;;
197750;   ;SG;;
197750;   ;SH;;
197750;   ;BL;;
197762;   ;EZ;;
197762;   ;LB;;
197762;   ;SB;;
197762;   ;GB;;
197762;   ;KB;;
197762;   ;GH;;
197762;   ;SG;;
197762;   ;SH;;
197762;   ;BL;;
197774;   ;LB;;
197774;   ;SB;;
197774;   ;EZ;;
197774;   ;GH;;
197774;   ;SG;;
197786;SI ;EZ;;
197786;SI ;LB;;
197786;SI ;SB;;
197786;SI ;  ;;
197798;   ;LB;;
197798;   ;SB;;
197798;   ;EZ;;
197804;ST ;EZ;;
197804;ST ;LB;;
197804;ST ;SB;;
197804;ST ;  ;;
197816;   ;LB;;
197816;   ;SB;;
197816;   ;EZ;;
197828;ST ;  ;;
197877;   ;LB;;
197877;   ;SB;;
197877;   ;EZ;;
197877;   ;GB;;
197877;   ;GH;;
197877;   ;SG;;
197877;   ;SH;;
197877;   ;BL;;
197890;   ;LB;;
197890;   ;SB;;
197890;   ;EZ;;
197907;   ;EZ;;
197907;   ;LB;;
197907;   ;SB;;
197932;ST ;  ;;
197932;ST ;EZ;;
197932;ST ;LB;;
197932;ST ;SB;;
197944;ST ;EZ;;
197944;ST ;LB;;
197944;ST ;SB;;
197944;ST ;  ;;
197968;SI ;  ;;
197968;SI ;EZ;;
197968;SI ;LB;;
197968;SI ;SB;;
197970;ST ;  ;;
197981;ST ;  ;;
197993;ST ;  ;;
197993;ST ;LB;;
197993;ST ;SB;;
197993;ST ;EZ;;
198006;   ;EZ;;
198006;   ;LB;;
198006;   ;SB;;
198018;ST ;EZ;;
198018;ST ;LB;;
198018;ST ;SB;;
198018;ST ;  ;;
198020;ST ;  ;;
198020;ST ;EZ;;
198020;ST ;LB;;
198020;ST ;SB;;
198043;ST ;EZ;;
198043;ST ;LB;;
198043;ST ;SB;;
198043;ST ;  ;;
198067;ST ;  ;;
198067;ST ;EZ;;
198067;ST ;LB;;
198067;ST ;SB;;
198080;ST ;  ;;
198080;ST ;EZ;;
198080;ST ;LB;;
198080;ST ;SB;;
198092;ST ;EZ;;
198092;ST ;LB;;
198092;ST ;SB;;
198092;ST ;  ;;
198110;   ;EZ;;
198110;   ;LB;;
198110;   ;SB;;
198122;SI ;  ;;
198122;SI ;EZ;;
198122;SI ;LB;;
198122;SI ;SB;;
198146;   ;EZ;;
198146;   ;LB;;
198146;   ;SB;;
198158;   ;EZ;;
198158;   ;LB;;
198158;   ;SB;;
198160;   ;EZ;;
198160;   ;LB;;
198160;   ;SB;;
198171;   ;LB;;
198171;   ;SB;;
198171;   ;EZ;;
198183;ST ;EZ;;
198183;ST ;LB;;
198183;ST ;SB;;
198183;ST ;  ;;
198195;ST ;  ;;
198195;ST ;LB;;
198195;ST ;SB;;
198195;ST ;EZ;;
198201;   ;EZ;;
198201;   ;LB;;
198201;   ;SB;;
198213;   ;EZ;;
198213;   ;LB;;
198213;   ;SB;;
198225;ST ;  ;;
198225;ST ;EZ;;
198225;ST ;LB;;
198225;ST ;SB;;
198237;   ;LB;;
198237;   ;SB;;
198237;   ;EZ;;
198249;SI ;EZ;;
198249;SI ;LB;;
198249;SI ;SB;;
198249;SI ;  ;;
198250;ST ;  ;;
198250;ST ;EZ;;
198250;ST ;LB;;
198250;ST ;SB;;
198262;   ;EZ;;
198262;   ;LB;;
198262;   ;SB;;
198274;SI ;  ;;
198274;SI ;EZ;;
198274;SI ;LB;;
198274;SI ;SB;;
198286;ST ;EZ;;
198286;ST ;LB;;
198286;ST ;SB;;
198286;ST ;  ;;
198298;   ;LB;;
198298;   ;SB;;
198298;   ;EZ;;
198304;ST ;EZ;;
198304;ST ;LB;;
198304;ST ;SB;;
198304;ST ;  ;;
198316;ST ;  ;;
198316;ST ;EZ;;
198316;ST ;LB;;
198316;ST ;SB;;
198330;ST ;EZ;;
198330;ST ;LB;;
198330;ST ;SB;;
198330;ST ;  ;;
198365;ST ;  ;;
198365;ST ;EZ;;
198365;ST ;LB;;
198365;ST ;SB;;
198389;ST ;EZ;;
198389;ST ;LB;;
198389;ST ;SB;;
198389;ST ;  ;;
198390;SI ;  ;;
198390;SI ;LB;;
198390;SI ;SB;;
198390;SI ;EZ;;
198420;SI ;EZ;;
198420;SI ;LB;;
198420;SI ;SB;;
198420;PI ;  ;;
198420;SI ;  ;;
198432;SI ;  ;;
198432;SI ;LB;;
198432;SI ;SB;;
198432;SI ;EZ;;
198468;SKB;EZ;;
198468;SKB;LB;;
198468;SKB;SB;;
198468;SKE;EZ;;
198468;SKE;LB;;
198468;SKE;SB;;
198468;SKB;  ;;
198468;SKE;  ;;
198493;G8A;  ;;
198493;GY9;  ;;
198511;PI ;  ;;
198511;SI ;  ;;
198511;SI ;EZ;;
198511;SI ;SB;;
198511;SI ;LB;;
198547;ST ;EZ;;
198547;ST ;LB;;
198547;ST ;SB;;
198547;ST ;  ;;
198602;PI ;  ;;
198602;SI ;  ;;
198602;SI ;EZ;;
198602;SI ;LB;;
198602;SI ;SB;;
198626;SI ;EZ;;
198626;SI ;LB;;
198626;SI ;SB;;
198626;SI ;GB;;
198626;SI ;KB;;
198626;SI ;GH;;
198626;SI ;SG;;
198626;SI ;SH;;
198626;SI ;BL;;
198626;PI ;  ;;
198626;SI ;  ;;
198638;PI ;  ;;
198638;SI ;  ;;
198638;SI ;EZ;;
198638;SI ;LB;;
198638;SI ;SB;;
198651;ST ;  ;;
198651;ST ;LB;;
198651;ST ;SB;;
198651;ST ;EZ;;
198663;ST ;  ;;
198675;   ;EZ;;
198675;   ;LB;;
198675;   ;SB;;
198675;   ;GB;;
198675;   ;KB;;
198675;   ;GH;;
198675;   ;SG;;
198675;   ;SH;;
198675;   ;BL;;
198699;   ;LB;;
198699;   ;SB;;
198699;   ;EZ;;
198705;   ;EZ;;
198705;   ;LB;;
198705;   ;SB;;
198717;   ;EZ;;
198717;   ;LB;;
198717;   ;SB;;
198729;   ;EZ;;
198729;   ;LB;;
198729;   ;SB;;
198730;   ;EZ;;
198730;   ;LB;;
198730;   ;SB;;
198742;   ;LB;;
198742;   ;SB;;
198742;   ;EZ;;
198742;   ;GH;;
198742;   ;SG;;
198742;   ;SH;;
198742;   ;BL;;
198754;ST ;EZ;;
198754;ST ;LB;;
198754;ST ;SB;;
198754;ST ;  ;;
198766;   ;EZ;;
198766;   ;LB;;
198766;   ;SB;;
198766;   ;GB;;
198766;   ;KB;;
198766;   ;GH;;
198766;   ;SG;;
198766;   ;SH;;
198766;   ;BL;;
198778;ST ;  ;;
198778;ST ;EZ;;
198778;ST ;LB;;
198778;ST ;SB;;
198780;ST ;  ;;
198780;ST ;EZ;;
198780;ST ;LB;;
198780;ST ;SB;;
198791;ST ;  ;;
198791;ST ;EZ;;
198791;ST ;LB;;
198791;ST ;SB;;
198808;ST ;  ;;
198810;G8A;  ;;
198810;GY9;  ;;
198821;ST ;  ;;
198821;ST ;EZ;;
198821;ST ;LB;;
198821;ST ;SB;;
198833;ST ;EZ;;
198833;ST ;LB;;
198833;ST ;SB;;
198833;ST ;  ;;
198845;   ;EZ;;
198845;   ;LB;;
198845;   ;SB;;
198845;   ;GB;;
198857;ST ;  ;;
198857;ST ;EZ;;
198857;ST ;LB;;
198857;ST ;SB;;
198870;ST ;EZ;;
198870;ST ;LB;;
198870;ST ;SB;;
198870;ST ;  ;;
198882;ST ;  ;;
198882;ST ;EZ;;
198882;ST ;LB;;
198882;ST ;SB;;
198894;   ;EZ;;
198894;   ;LB;;
198894;   ;SB;;
198912;   ;LB;;
198912;   ;SB;;
198912;   ;EZ;;
198912;   ;GB;;
198912;   ;KB;;
198912;   ;GH;;
198912;   ;SG;;
198912;   ;SH;;
198912;   ;BL;;
198948;ST ;EZ;;
198948;ST ;LB;;
198948;ST ;SB;;
198948;ST ;GB;;
198948;ST ;KB;;
198948;ST ;GH;;
198948;ST ;SG;;
198948;ST ;SH;;
198948;ST ;BL;;
198948;ST ;  ;;
198950;   ;EZ;;
198950;   ;LB;;
198950;   ;SB;;
198961;ST ;LB;;
198961;ST ;SB;;
198961;ST ;EZ;;
198961;ST ;  ;;
198973;   ;LB;;
198973;   ;SB;;
198973;   ;EZ;;
198985;   ;EZ;;
198985;   ;LB;;
198985;   ;SB;;
198997;   ;EZ;;
198997;   ;LB;;
198997;   ;SB;;
199000;   ;EZ;;
199000;   ;LB;;
199000;   ;SB;;
199000;   ;GB;;
199000;   ;KB;;
199000;   ;GH;;
199000;   ;SG;;
199000;   ;SH;;
199000;   ;BL;;
199011;   ;LB;;
199011;   ;SB;;
199011;   ;EZ;;
199011;   ;GB;;
199011;   ;KB;;
199011;   ;GH;;
199011;   ;SG;;
199011;   ;SH;;
199011;   ;BL;;
199023;   ;LB;;
199023;   ;SB;;
199023;   ;EZ;;
199023;   ;GB;;
199023;   ;KB;;
199023;   ;GH;;
199023;   ;SG;;
199023;   ;SH;;
199023;   ;BL;;
199047;ST ;EZ;;
199047;ST ;LB;;
199047;ST ;SB;;
199047;ST ;  ;;
199059;SI ;  ;;
199059;SI ;EZ;;
199059;SI ;LB;;
199059;SI ;SB;;
199084;ST ;  ;;
199084;ST ;EZ;;
199084;ST ;LB;;
199084;ST ;SB;;
199096;SI ;  ;;
199102;ST ;  ;;
199114;   ;LB;;
199114;   ;SB;;
199114;   ;EZ;;
199163;   ;LB;;
199163;   ;SB;;
199163;   ;EZ;;
199175;   ;LB;;
199175;   ;SB;;
199175;   ;EZ;;
199175;   ;GB;;
199175;   ;KB;;
199175;   ;GH;;
199175;   ;SG;;
199175;   ;SH;;
199175;   ;BL;;
199187;ST ;EZ;;
199187;ST ;LB;;
199187;ST ;SB;;
199187;ST ;  ;;
199199;ST ;  ;;
199199;ST ;EZ;;
199199;ST ;LB;;
199199;ST ;SB;;
199230;   ;EZ;;
199230;   ;GB;;
199230;   ;LB;;
199230;   ;SB;;
199242;   ;EZ;;
199242;   ;GB;;
199242;   ;LB;;
199242;   ;SB;;
199254;   ;EZ;;
199254;   ;KR;;
199254;   ;LB;;
199254;   ;SB;;
199266;   ;EZ;;
199266;   ;LB;;
199266;   ;SB;;
199310;   ;EZ;;
199310;   ;LB;;
199310;   ;SB;;
199310;   ;GB;;
199310;   ;KB;;
199310;   ;GH;;
199310;   ;SG;;
199310;   ;SH;;
199310;   ;BL;;
199333;   ;EZ;;
199333;   ;LB;;
199333;   ;SB;;
199370;G01;  ;;
199412;ST ;  ;;
199412;ST ;EZ;;
199412;ST ;LB;;
199412;ST ;SB;;
199436;   ;EZ;;
199436;   ;LB;;
199436;   ;SB;;
199450;ST ;  ;;
199450;ST ;EZ;;
199450;ST ;LB;;
199450;ST ;SB;;
199461;ST ;EZ;;
199461;ST ;LB;;
199461;ST ;SB;;
199461;ST ;GB;;
199461;ST ;KB;;
199461;ST ;GH;;
199461;ST ;SG;;
199461;ST ;SH;;
199461;ST ;BL;;
199461;ST ;  ;;
199473;SI ;  ;;
199497;   ;LB;;
199497;   ;SB;;
199497;   ;EZ;;
199503;   ;LB;;
199503;   ;SB;;
199503;   ;EZ;;
199503;   ;KB;;
199503;   ;GH;;
199503;   ;SG;;
199503;   ;SH;;
199503;   ;BL;;
199515;   ;LB;;
199515;   ;SB;;
199515;   ;EZ;;
199515;   ;KB;;
199515;   ;GH;;
199515;   ;SG;;
199515;   ;SH;;
199515;   ;BL;;
199527;ST ;EZ;;
199527;ST ;LB;;
199527;ST ;SB;;
199527;ST ;KB;;
199527;ST ;GH;;
199527;ST ;SG;;
199527;ST ;BL;;
199527;ST ;SH;;
199527;ST ;  ;;
199539;   ;EZ;;
199539;   ;LB;;
199540;   ;EZ;;
199540;   ;LB;;
199540;   ;SB;;
199552;   ;EZ;;
199552;   ;LB;;
199552;   ;SB;;
199576;   ;EZ;;
199588;   ;EZ;;
199590;ST ;  ;;
199590;ST ;EZ;;
199590;ST ;LB;;
199590;ST ;SB;;
199606;   ;EZ;;
199606;   ;LB;;
199606;   ;SB;;
199606;SSI;  ;;
199618;HA ;  ;;
199618;RA ;  ;;
199618;ST ;  ;;
199618;ST ;EZ;;
199618;ST ;LB;;
199618;ST ;SB;;
199620;ST ;EZ;;
199620;ST ;LB;;
199620;ST ;SB;;
199620;ST ;  ;;
199631;G8A;  ;;
199631;GY9;  ;;
199631;GY9;EZ;;
199631;GY9;LB;;
199631;GY9;SB;;
199655;   ;SB;;
199679;   ;EZ;;
199679;   ;KB;;
199679;   ;LB;;
199679;   ;SB;;
199680;   ;EZ;;
199680;   ;LB;;
199680;   ;SB;;
199734;   ;EZ;;
199734;   ;LB;;
199734;   ;SB;;
199746;   ;EZ;;
199746;   ;LB;;
199746;   ;SB;;
199758;   ;EZ;;
199758;   ;LB;;
199758;   ;SB;;
199771;   ;EZ;;
199771;   ;GB;;
199771;   ;KB;;
199771;   ;LB;;
199771;   ;SB;;
199795;SKB;  ;;
199795;SKE;  ;;
199795;GGY;  ;;
199795;GRH;  ;;
199795;SKB;EZ;;
199795;SKB;LB;;
199795;SKB;SB;;
199795;SKE;EZ;;
199795;SKE;LB;;
199795;SKE;SB;;
199801;GGY;  ;;
199801;GRH;  ;;
199801;   ;EZ;;
199801;   ;LB;;
199801;   ;SB;;
199813;   ;EZ;;
199813;   ;LB;;
199813;   ;SB;;
199825;   ;EZ;;
199825;   ;LB;;
199825;   ;SB;;
199849;   ;EZ;;
199849;   ;LB;;
199850;   ;EZ;;
199850;   ;LB;;
199862;ST ;  ;;
199862;HA ;  ;;
199862;RA ;  ;;
199862;ST ;EZ;;
199862;ST ;LB;;
199862;ST ;SB;;
199886;   ;LB;;
199886;   ;SB;;
199886;   ;EZ;;
199898;ST ;EZ;;
199898;ST ;LB;;
199898;ST ;SB;;
199898;ST ;GB;;
199898;ST ;KB;;
199898;ST ;GH;;
199898;ST ;SG;;
199898;ST ;SH;;
199898;ST ;BL;;
199898;ST ;  ;;
199904;SSI;  ;;
199904;   ;EZ;;
199904;   ;LB;;
199904;   ;SB;;
199916;   ;EZ;;
199916;   ;LB;;
199916;   ;SB;;
199930;SRH;  ;;
199930;   ;EZ;;
199930;   ;LB;;
199930;   ;SB;;
199941;   ;EZ;;
199941;   ;LB;;
199941;   ;SB;;
199965;HA ;  ;;
199965;RA ;  ;;
199965;ST ;  ;;
199965;ST ;SB;;
199965;ST ;EZ;;
199965;ST ;LB;;
199977;   ;LB;;
199977;   ;SB;;
199977;   ;EZ;;
199990;ST ;  ;;
123122;GMS;  ;;
139907;R  ;  ;;
149860;R  ;  ;;
155640;   ;EZ;;
155640;   ;LB;;
155846;   ;EZ;;
155846;   ;LB;;
156024;   ;LB;;
156875;   ;LB;;
156929;   ;LB;;
168488;G01;  ;;
186650;K02;  ;;
187884;   ;SB;;
195492;   ;EZ;;
195492;   ;LB;;
